timestamp_us,ax,ay,az,gx,gy,gz,dbfs
1339767549,-8.171411,0.138864,-3.344700,-0.025714,-0.003464,0.025847,-50.09
1339777563,-8.267179,0.114922,-3.342306,-0.027179,-0.005995,0.021583,-51.61
1339787549,-8.197746,0.081403,-3.284845,-0.025980,-0.000666,0.024115,-50.42
1339797546,-8.128315,0.110133,-3.306392,-0.025047,-0.003331,0.028112,-50.88
1339807555,-8.169016,0.126893,-3.280056,-0.027046,-0.003331,0.025714,-50.73
1339817545,-8.149862,0.124498,-3.241749,-0.028645,-0.001599,0.026779,-50.38
1339827534,-8.231265,0.090980,-3.325546,-0.027179,-0.003864,0.023848,-51.11
1339837559,-8.221688,0.136469,-3.361459,-0.027979,-0.004530,0.025447,-50.13
1339847572,-8.207323,0.129287,-3.272874,-0.024781,-0.003730,0.024381,-52.84
1339857551,-8.214506,0.129287,-3.296816,-0.027579,-0.001865,0.025047,-50.41
1339867562,-8.303091,0.102951,-3.296816,-0.028778,-0.001066,0.023315,-51.62
1339877559,-8.188169,0.071826,-3.236961,-0.027979,-0.001998,0.027046,-51.11
1339887551,-8.161834,0.146046,-3.248932,-0.027579,-0.002398,0.025980,-50.94
1339897539,-8.159439,0.079009,-3.323152,-0.026913,-0.002798,0.023049,-50.58
1339907556,-8.178593,0.158017,-3.198653,-0.025847,-0.002798,0.023049,-50.36
1339917558,-8.197746,0.129287,-3.318364,-0.026913,-0.002531,0.023982,-50.70
1339927560,-8.207323,0.098162,-3.260903,-0.025047,-0.002665,0.023848,-50.62
1339937562,-8.228871,0.160412,-3.239355,-0.029444,-0.003064,0.024381,-51.92
1339947569,-8.214506,0.107739,-3.292027,-0.027046,-0.003464,0.023449,-51.57
1339957542,-8.180987,0.095768,-3.256114,-0.025047,-0.002531,0.026247,-50.94
1339967550,-8.154651,0.050278,-3.210624,-0.026247,-0.000666,0.021850,-51.07
1339977571,-8.207323,0.071826,-3.268085,-0.027712,0.000133,0.025314,-51.26
1339987556,-8.185776,0.165200,-3.332729,-0.027579,-0.003730,0.025047,-50.28
1339997556,-8.176199,0.189142,-3.181894,-0.024648,-0.002398,0.020118,-50.79
1340007574,-8.192958,0.129287,-3.359065,-0.024781,-0.004930,0.025047,-52.58
1340017568,-8.224083,0.093374,-3.270479,-0.026380,-0.002132,0.028112,-51.60
1340027549,-8.183381,0.093374,-3.313575,-0.028511,-0.001199,0.027845,-50.68
1340037571,-8.180987,0.112527,-3.282450,-0.023582,-0.003464,0.029444,-52.40
1340047544,-8.200141,0.093374,-3.268085,-0.027712,-0.001865,0.025847,-50.06
1340057560,-8.195353,0.083797,-3.325546,-0.026779,-0.005196,0.025181,-50.53
1340067543,-8.183381,0.143652,-3.244143,-0.030243,-0.003597,0.024248,-50.30
1340077558,-8.224083,0.112527,-3.208230,-0.027979,-0.000533,0.025314,-50.54
1340087556,-8.200141,0.088585,-3.284845,-0.029444,-0.003198,0.027579,-50.62
1340097555,-8.192958,0.067038,-3.272874,-0.027712,-0.001066,0.027446,-49.70
1340107569,-8.176199,0.122104,-3.306392,-0.029444,-0.001865,0.026247,-52.02
1340117574,-8.197746,0.081403,-3.332729,-0.028112,-0.003730,0.027179,-53.24
1340127544,-8.216900,0.129287,-3.275268,-0.029577,0.000266,0.022516,-49.94
1340137558,-8.209718,0.119710,-3.253720,-0.030377,-0.001998,0.024381,-50.80
1340147571,-8.216900,0.153229,-3.236961,-0.025580,-0.001865,0.026513,-54.26
1340157560,-8.190564,0.088585,-3.296816,-0.025314,-0.000799,0.024381,-51.07
1340167545,-8.219295,0.117316,-3.260903,-0.026113,-0.001732,0.022116,-50.90
1340177538,-8.209718,0.093374,-3.301604,-0.026113,-0.002798,0.024381,-49.88
1340187558,-8.180987,0.141258,-3.342306,-0.025847,-0.002665,0.024248,-50.43
1340197557,-8.202535,0.100556,-3.265691,-0.026247,-0.001732,0.027979,-50.21
1340207543,-8.231265,0.107739,-3.311181,-0.027712,-0.000933,0.026113,-50.04
1340217559,-8.149862,0.107739,-3.296816,-0.027179,-0.000933,0.024115,-50.08
1340227554,-8.152257,0.011971,-3.292027,-0.025847,-0.001466,0.025847,-50.79
1340237558,-8.207323,0.088585,-3.287239,-0.029577,-0.004930,0.025580,-50.72
1340247572,-8.192958,0.102951,-3.327940,-0.028112,-0.003997,0.022783,-53.14
1340257547,-8.161834,0.071826,-3.215413,-0.024648,-0.002931,0.024515,-49.42
1340267571,-8.233660,0.114922,-3.337517,-0.024914,-0.003198,0.025047,-53.79
1340277550,-8.219295,0.141258,-3.275268,-0.026380,-0.001466,0.023982,-51.03
1340287572,-8.219295,0.086191,-3.258508,-0.027446,-0.002398,0.025047,-53.51
1340297545,-8.212111,0.105345,-3.320758,-0.028378,-0.002132,0.027979,-50.47
1340307563,-8.219295,0.088585,-3.327940,-0.025314,-0.001066,0.024515,-51.13
1340317557,-8.219295,0.040701,-3.275268,-0.024781,-0.005729,0.022383,-51.03
1340327561,-8.216900,0.098162,-3.263297,-0.026247,0.000533,0.024248,-50.43
1340337544,-8.188169,0.093374,-3.330335,-0.026913,-0.004130,0.027312,-49.37
1340347573,-8.142680,0.067038,-3.229778,-0.026513,-0.001466,0.020251,-52.91
1340357577,-8.140285,0.138864,-3.344700,-0.029844,-0.005196,0.023982,-51.17
1340367590,-8.216900,0.098162,-3.270479,-0.026247,-0.000933,0.026913,-52.39
1340377542,-8.190564,0.112527,-3.361459,-0.027979,-0.004796,0.027046,-50.98
1340387562,-8.255207,0.138864,-3.270479,-0.028112,-0.005729,0.025580,-51.17
1340397574,-8.233660,0.122104,-3.260903,-0.025847,-0.002931,0.023182,-50.43
1340407571,-8.154651,0.138864,-3.351882,-0.029178,-0.002132,0.028511,-52.23
1340417556,-8.149862,0.146046,-3.320758,-0.025047,-0.002132,0.023182,-50.82
1340427540,-8.250419,0.107739,-3.313575,-0.026247,-0.003730,0.025314,-50.04
1340437573,-8.178593,0.069432,-3.294421,-0.025847,-0.001599,0.024648,-52.59
1340447557,-8.228871,0.088585,-3.193865,-0.026113,-0.003997,0.026913,-50.51
1340457539,-8.238448,0.100556,-3.294421,-0.027979,-0.001466,0.026646,-49.58
1340467571,-8.161834,0.100556,-3.303998,-0.028112,-0.001732,0.026380,-52.72
1340477553,-8.178593,0.184354,-3.277662,-0.028378,-0.003730,0.024248,-51.49
1340487562,-8.176199,0.057461,-3.263297,-0.027179,-0.005196,0.026913,-50.89
1340497550,-8.183381,0.138864,-3.227384,-0.026247,-0.002265,0.025580,-50.23
1340507570,-8.216900,0.098162,-3.292027,-0.027712,-0.001332,0.022116,-52.35
1340517567,-8.207323,0.124498,-3.315969,-0.025847,-0.001732,0.020917,-52.06
1340527568,-8.214506,0.124498,-3.294421,-0.028378,-0.000933,0.025714,-51.66
1340537551,-8.159439,0.081403,-3.375824,-0.030776,-0.002931,0.026646,-50.67
1340547558,-8.219295,0.138864,-3.337517,-0.025047,-0.002132,0.023982,-50.77
1340557561,-8.185776,0.165200,-3.265691,-0.025447,0.000533,0.025580,-51.21
1340567591,-8.207323,0.186748,-3.320758,-0.028378,-0.001332,0.023715,-51.79
1340577544,-8.192958,0.083797,-3.308787,-0.029444,-0.002265,0.026646,-50.32
1340587547,-8.166622,0.112527,-3.236961,-0.025980,-0.002398,0.026380,-50.16
1340597571,-8.130709,0.119710,-3.351882,-0.026779,-0.001199,0.022516,-52.41
1340607552,-8.197746,0.033519,-3.349488,-0.026113,-0.001599,0.024248,-50.49
1340617561,-8.202535,0.102951,-3.253720,-0.028778,0.000400,0.022783,-50.82
1340627541,-8.209718,0.090980,-3.258508,-0.028778,-0.002398,0.025714,-50.56
1340637565,-8.166622,0.150835,-3.409343,-0.026380,-0.002931,0.024515,-51.53
1340647555,-8.154651,0.122104,-3.320758,-0.025714,-0.001066,0.027446,-50.13
1340657552,-8.121132,0.043096,-3.174711,-0.025314,-0.002798,0.022116,-50.04
1340667546,-8.166622,0.141258,-3.442862,-0.026113,-0.003464,0.026913,-50.28
1340677557,-8.188169,0.083797,-3.311181,-0.027845,-0.002931,0.024781,-50.62
1340687542,-8.228871,0.122104,-3.275268,-0.024515,-0.002132,0.028245,-51.04
1340697571,-8.142680,0.083797,-3.306392,-0.027979,-0.002132,0.026513,-51.70
1340707545,-8.216900,0.119710,-3.299210,-0.028511,-0.003198,0.024248,-50.34
1340717574,-8.188169,0.090980,-3.280056,-0.027979,-0.002398,0.026113,-51.22
1340727590,-8.176199,0.088585,-3.354277,-0.026513,-0.002398,0.023715,-51.95
1340737571,-8.207323,0.090980,-3.222595,-0.029178,-0.002665,0.027446,-51.83
1340747543,-8.166622,0.105345,-3.275268,-0.028245,-0.002132,0.021983,-50.83
1340757572,-8.197746,0.131681,-3.236961,-0.025047,-0.001066,0.024781,-54.57
1340767552,-8.173804,0.088585,-3.260903,-0.022649,-0.002931,0.025980,-50.15
1340777570,-8.214506,0.102951,-3.327940,-0.025847,-0.002265,0.023715,-52.88
1340787564,-8.264784,0.093374,-3.253720,-0.029311,-0.000933,0.024781,-51.17
1340797565,-8.221688,0.110133,-3.277662,-0.027712,-0.001865,0.025314,-50.43
1340807553,-8.133103,0.090980,-3.320758,-0.027179,-0.003730,0.024648,-49.98
1340817573,-8.185776,0.079009,-3.270479,-0.029577,-0.004130,0.025314,-52.53
1340827536,-8.185776,0.119710,-3.275268,-0.027179,-0.001732,0.027046,-49.68
1340837568,-8.176199,0.095768,-3.392584,-0.027446,-0.002398,0.027046,-51.64
1340847557,-8.169016,0.052672,-3.380613,-0.026779,-0.005063,0.024115,-51.52
1340857552,-8.157045,0.100556,-3.289633,-0.028378,-0.005063,0.026913,-50.38
1340867546,-8.169016,0.119710,-3.236961,-0.025447,-0.000533,0.023582,-50.48
1340877557,-8.159439,0.150835,-3.325546,-0.027179,-0.003064,0.022516,-50.55
1340887544,-8.221688,0.146046,-3.311181,-0.030643,-0.006528,0.022783,-51.02
1340897568,-8.202535,0.143652,-3.385401,-0.026779,-0.000666,0.023315,-52.63
1340907574,-8.228871,0.107739,-3.282450,-0.025314,-0.003864,0.024914,-51.45
1340917560,-8.219295,0.079009,-3.303998,-0.029444,-0.003331,0.026779,-49.21
1340927573,-8.216900,0.129287,-3.318364,-0.026913,-0.003997,0.027579,-53.42
1340937552,-8.180987,0.181959,-3.201048,-0.023715,-0.002265,0.024248,-50.20
1340947561,-8.228871,0.160412,-3.296816,-0.028378,-0.002132,0.025714,-50.50
1340957573,-8.190564,0.117316,-3.294421,-0.025580,-0.001732,0.022783,-52.34
1340967567,-8.224083,0.047884,-3.270479,-0.024381,-0.002798,0.025580,-50.79
1340977569,-8.154651,0.093374,-3.303998,-0.027446,-0.002265,0.026913,-54.35
1340987573,-8.231265,0.105345,-3.272874,-0.028778,-0.001865,0.026513,-51.46
1340997538,-8.248025,0.184354,-3.361459,-0.027712,-0.001466,0.029178,-50.45
1341007568,-8.209718,0.112527,-3.241749,-0.025314,-0.000799,0.024914,-51.19
1341017586,-8.207323,0.136469,-3.251326,-0.028511,-0.000666,0.025047,-51.30
1341027554,-8.214506,0.086191,-3.256114,-0.027312,-0.004530,0.024781,-50.58
1341037568,-8.147469,0.095768,-3.299210,-0.026646,-0.003331,0.025047,-51.65
1341047572,-8.169016,0.098162,-3.330335,-0.024781,-0.000933,0.026513,-51.30
1341057586,-8.209718,0.136469,-3.277662,-0.027712,-0.003331,0.025980,-50.83
1341067559,-8.159439,0.107739,-3.344700,-0.023982,-0.002132,0.025314,-51.90
1341077574,-8.207323,0.155623,-3.320758,-0.024115,-0.002265,0.023182,-53.55
1341087569,-8.166622,0.100556,-3.282450,-0.026646,-0.002265,0.025447,-51.23
1341097587,-8.183381,0.124498,-3.306392,-0.027979,-0.001066,0.025580,-51.59
1341107538,-8.149862,0.095768,-3.275268,-0.025181,-0.000933,0.023982,-50.69
1341117569,-8.161834,0.076614,-3.292027,-0.030110,0.004796,0.027312,-51.84
1341127546,-8.147469,0.057461,-3.203442,-0.027446,0.007194,0.024914,-50.67
1341137572,-8.274361,0.098162,-3.342306,-0.027312,0.014123,0.025181,-52.09
1341147548,-8.341399,0.050278,-3.404555,-0.024381,0.010658,0.027845,-51.43
1341157570,-8.188169,0.158017,-3.378219,-0.026113,-0.013456,0.025047,-51.54
1341167563,-8.106767,0.165200,-3.294421,-0.027179,-0.016121,0.021583,-51.60
1341177557,-8.178593,0.117316,-3.205836,-0.028112,0.001998,0.027046,-51.13
1341187574,-8.185776,0.129287,-3.292027,-0.026113,0.001599,0.027312,-53.12
1341197564,-8.178593,0.095768,-3.294421,-0.025847,-0.002798,0.025847,-51.52
1341207540,-8.204929,0.098162,-3.344700,-0.025314,-0.003597,0.023449,-50.99
1341217569,-8.161834,0.107739,-3.239355,-0.028378,0.003331,0.024115,-51.12
1341227552,-8.192958,0.090980,-3.306392,-0.028911,0.001599,0.025714,-49.49
1341237568,-8.228871,0.131681,-3.294421,-0.029977,0.003198,0.027712,-54.64
1341247571,-8.183381,0.071826,-3.251326,-0.025047,0.002132,0.025714,-52.05
1341257546,-8.214506,0.143652,-3.323152,-0.024381,0.003064,0.023582,-50.84
1341267554,-8.171411,0.088585,-3.361459,-0.026113,-0.000266,0.026646,-51.05
1341277582,-8.197746,0.093374,-3.251326,-0.024648,-0.000933,0.026247,-51.33
1341287560,-8.180987,0.138864,-3.277662,-0.024781,-0.000666,0.026247,-50.57
1341297548,-8.248025,0.081403,-3.375824,-0.026779,0.004530,0.026380,-49.94
1341307542,-8.176199,0.093374,-3.292027,-0.028245,0.002798,0.025847,-50.01
1341317537,-8.236053,0.081403,-3.308787,-0.027312,0.003331,0.023848,-49.85
1341327569,-8.164227,0.081403,-3.239355,-0.026646,0.000133,0.024515,-51.46
1341337549,-8.130709,0.117316,-3.368642,-0.033041,-0.002265,0.024781,-50.79
1341347566,-8.264784,0.153229,-3.313575,-0.027712,-0.000666,0.025847,-50.74
1341357528,-8.149862,0.090980,-3.272874,-0.027979,0.000799,0.026247,-50.55
1341367555,-8.190564,0.177171,-3.215413,-0.024914,-0.000933,0.026513,-50.82
1341377544,-8.267179,0.114922,-3.339911,-0.029577,-0.003730,0.024248,-50.17
1341387571,-8.185776,0.165200,-3.335123,-0.025847,0.001998,0.025980,-51.23
1341397568,-8.214506,0.071826,-3.263297,-0.027446,-0.001865,0.023715,-50.36
1341407575,-8.226477,0.141258,-3.280056,-0.026380,-0.001998,0.024248,-51.36
1341417559,-8.224083,0.088585,-3.325546,-0.027979,-0.001998,0.027979,-50.33
1341427556,-8.219295,0.098162,-3.289633,-0.026513,-0.003198,0.023582,-50.57
1341437544,-8.226477,0.124498,-3.339911,-0.027579,0.000133,0.024515,-50.75
1341447559,-8.221688,0.184354,-3.294421,-0.027712,-0.002798,0.024115,-50.54
1341457570,-8.188169,0.117316,-3.320758,-0.027446,-0.003597,0.026513,-51.30
1341467573,-8.128315,0.122104,-3.359065,-0.024914,-0.003331,0.027046,-50.72
1341477562,-8.185776,0.134075,-3.303998,-0.027579,-0.001998,0.025580,-50.67
1341487554,-8.161834,0.086191,-3.337517,-0.026913,0.001332,0.025847,-50.79
1341497561,-8.192958,0.086191,-3.253720,-0.024515,-0.001066,0.026380,-51.54
1341507555,-8.188169,0.148441,-3.315969,-0.025314,-0.000133,0.022383,-50.62
1341517548,-8.197746,0.122104,-3.294421,-0.028911,-0.001066,0.028778,-50.46
1341527568,-8.236053,0.153229,-3.244143,-0.027046,-0.000133,0.024381,-50.51
1341537563,-8.154651,0.035913,-3.349488,-0.027579,-0.001199,0.026380,-50.65
1341547568,-8.219295,0.129287,-3.337517,-0.027046,-0.000799,0.023848,-50.22
1341557561,-8.190564,0.129287,-3.268085,-0.026913,-0.004796,0.025847,-51.90
1341567554,-8.195353,0.110133,-3.263297,-0.029444,-0.003464,0.024648,-50.34
1341577558,-8.200141,0.124498,-3.275268,-0.025980,-0.003064,0.023449,-50.84
1341587567,-8.228871,0.107739,-3.210624,-0.027979,-0.000533,0.024381,-51.62
1341597544,-8.236053,0.129287,-3.354277,-0.025181,-0.002798,0.024115,-50.07
1341607569,-8.171411,0.095768,-3.239355,-0.025714,-0.003198,0.025047,-54.48
1341617565,-8.159439,0.119710,-3.337517,-0.029044,-0.002265,0.025314,-50.17
1341627568,-8.180987,0.081403,-3.251326,-0.029444,-0.003331,0.022916,-51.72
1341637564,-8.262390,0.110133,-3.320758,-0.029178,-0.004530,0.024248,-51.46
1341647547,-8.204929,0.110133,-3.339911,-0.027579,-0.001066,0.027046,-48.93
1341657556,-8.171411,0.107739,-3.256114,-0.031309,-0.001732,0.025047,-50.15
1341667575,-8.176199,0.110133,-3.268085,-0.029711,-0.003997,0.023049,-52.68
1341677563,-8.185776,0.138864,-3.217807,-0.030910,-0.000799,0.022383,-51.09
1341687535,-8.166622,0.126893,-3.337517,-0.028645,0.000666,0.028245,-49.28
1341697574,-8.224083,0.095768,-3.294421,-0.025714,-0.002931,0.025580,-52.08
1341707556,-8.159439,0.110133,-3.172317,-0.028778,-0.003198,0.026646,-50.88
1341717567,-8.228871,0.079009,-3.296816,-0.028645,-0.001998,0.023982,-52.06
1341727573,-8.164227,0.143652,-3.306392,-0.024914,-0.000533,0.023715,-51.93
1341737542,-8.271967,0.071826,-3.311181,-0.024648,0.001599,0.026646,-50.24
1341747557,-8.240842,0.074220,-3.306392,-0.025447,-0.003464,0.026113,-50.58
1341757568,-8.169016,0.107739,-3.253720,-0.023449,-0.002132,0.023848,-51.61
1341767562,-8.176199,0.083797,-3.306392,-0.027046,-0.002798,0.024914,-51.91
1341777541,-8.130709,0.074220,-3.263297,-0.029844,-0.000266,0.028245,-50.01
1341787570,-8.111555,0.107739,-3.229778,-0.027446,-0.001466,0.029711,-55.45
1341797529,-8.204929,0.131681,-3.260903,-0.027046,-0.000400,0.026247,-49.85
1341807572,-8.176199,0.119710,-3.361459,-0.028511,-0.002398,0.027046,-53.01
1341817547,-8.195353,0.100556,-3.268085,-0.027845,-0.001732,0.024248,-50.72
1341827554,-8.236053,0.126893,-3.349488,-0.029711,-0.001998,0.025181,-50.92
1341837557,-8.176199,0.081403,-3.277662,-0.026779,-0.001599,0.024115,-51.41
1341847564,-8.202535,0.107739,-3.292027,-0.026646,-0.001466,0.024781,-50.61
1341857537,-8.125920,0.105345,-3.244143,-0.025314,0.001732,0.021051,-50.00
1341867572,-8.207323,0.153229,-3.268085,-0.030643,-0.002531,0.028645,-53.26
1341877534,-8.171411,0.129287,-3.251326,-0.027046,-0.003331,0.023315,-50.70
1341887562,-8.243237,0.158017,-3.287239,-0.027579,-0.000666,0.025580,-50.82
1341897559,-8.164227,0.129287,-3.229778,-0.024515,-0.000666,0.023449,-50.94
1341907541,-8.197746,0.093374,-3.351882,-0.031043,-0.001332,0.027046,-50.99
1341917553,-8.185776,0.076614,-3.289633,-0.024381,-0.005862,0.021184,-50.70
1341927552,-8.202535,0.093374,-3.268085,-0.026646,-0.002931,0.024248,-50.58
1341937552,-8.236053,0.134075,-3.217807,-0.024248,-0.001332,0.026113,-50.84
1341947559,-8.147469,0.124498,-3.442862,-0.027179,-0.005329,0.024914,-50.92
1341957542,-8.190564,0.117316,-3.280056,-0.026380,-0.002798,0.027579,-50.23
1341967573,-8.200141,0.119710,-3.402161,-0.033175,-0.003331,0.022116,-51.38
1341977561,-8.197746,0.129287,-3.332729,-0.029577,-0.003864,0.024781,-50.48
1341987559,-8.176199,0.093374,-3.303998,-0.025047,-0.004796,0.023182,-51.63
1341997546,-8.140285,0.086191,-3.323152,-0.025447,-0.001332,0.025314,-50.39
1342007570,-8.121132,0.126893,-3.318364,-0.029711,-0.002931,0.027579,-52.96
1342017540,-8.164227,0.098162,-3.275268,-0.023049,-0.005596,0.024648,-50.91
1342027574,-8.207323,0.138864,-3.277662,-0.027312,-0.002531,0.024381,-52.71
1342037544,-8.159439,0.083797,-3.275268,-0.025714,-0.004397,0.024115,-50.54
1342047574,-8.214506,0.143652,-3.244143,-0.025181,-0.003997,0.025314,-51.51
1342057558,-8.164227,0.088585,-3.313575,-0.025580,-0.003864,0.020384,-51.01
1342067544,-8.161834,0.169988,-3.327940,-0.025847,-0.003464,0.024648,-49.98
1342077551,-8.250419,0.129287,-3.277662,-0.025314,-0.003464,0.025447,-50.39
1342087569,-8.226477,0.081403,-3.387795,-0.027179,-0.002531,0.023315,-51.46
1342097546,-8.133103,0.131681,-3.275268,-0.025181,-0.002531,0.027712,-50.00
1342107557,-8.130709,0.138864,-3.339911,-0.028511,-0.004930,0.022250,-51.49
1342117551,-8.188169,0.093374,-3.277662,-0.025980,-0.001466,0.025447,-51.41
1342127560,-8.190564,0.088585,-3.347094,-0.029044,-0.001998,0.025047,-50.25
1342137567,-8.224083,0.081403,-3.308787,-0.028378,-0.003464,0.021450,-51.65
1342147541,-8.171411,0.203507,-3.306392,-0.025847,-0.002931,0.022383,-50.13
1342157573,-8.135497,0.081403,-3.311181,-0.024515,-0.000266,0.025047,-51.24
1342167571,-8.188169,0.148441,-3.294421,-0.027979,-0.000133,0.024781,-50.90
1342177570,-8.228871,0.102951,-3.251326,-0.026779,0.000266,0.027312,-51.99
1342187574,-8.216900,0.119710,-3.337517,-0.023582,-0.002665,0.024381,-51.38
1342197593,-8.183381,0.124498,-3.330335,-0.026513,-0.002265,0.026513,-53.42
1342207554,-8.228871,0.148441,-3.251326,-0.028112,-0.004263,0.025980,-49.35
1342217568,-8.133103,0.146046,-3.277662,-0.026380,0.001599,0.024115,-51.61
1342227550,-8.164227,0.174777,-3.253720,-0.028245,-0.003997,0.025447,-50.64
1342237554,-8.161834,0.098162,-3.375824,-0.024914,0.001599,0.026779,-50.86
1342247557,-8.180987,0.088585,-3.258508,-0.025047,-0.000400,0.026646,-50.62
1342257556,-8.207323,0.114922,-3.335123,-0.027046,-0.002265,0.025047,-51.07
1342267573,-8.224083,0.107739,-3.320758,-0.024781,-0.003730,0.027579,-52.60
1342277535,-8.133103,0.069432,-3.299210,-0.027046,-0.000133,0.026247,-48.89
1342287570,-8.209718,0.107739,-3.303998,-0.027046,-0.000266,0.025847,-53.33
1342297568,-8.157045,0.119710,-3.303998,-0.025047,-0.000133,0.025314,-51.53
1342307541,-8.171411,0.112527,-3.268085,-0.026779,-0.006528,0.025181,-50.45
1342317545,-8.164227,0.083797,-3.229778,-0.027179,-0.003730,0.025447,-50.46
1342327571,-8.173804,0.162806,-3.327940,-0.028511,-0.001199,0.027179,-51.16
1342337591,-8.231265,0.074220,-3.287239,-0.025181,-0.002931,0.025314,-53.68
1342347557,-8.157045,0.105345,-3.337517,-0.026113,-0.001732,0.024781,-50.29
1342357570,-8.216900,0.169988,-3.246537,-0.025447,-0.004530,0.023582,-52.79
1342367573,-8.142680,0.079009,-3.313575,-0.024914,0.000266,0.026646,-53.94
1342377560,-8.233660,0.148441,-3.277662,-0.025714,-0.000666,0.022783,-50.31
1342387572,-8.135497,0.136469,-3.268085,-0.025447,-0.001732,0.026513,-52.66
1342397571,-8.149862,0.088585,-3.320758,-0.027046,-0.000400,0.027579,-51.60
1342407553,-8.219295,0.112527,-3.306392,-0.025980,-0.001332,0.025181,-50.18
1342417559,-8.178593,0.107739,-3.332729,-0.026779,-0.004397,0.023049,-51.74
1342427574,-8.231265,0.105345,-3.318364,-0.026247,0.001199,0.025314,-53.90
1342437547,-8.209718,0.107739,-3.306392,-0.024781,-0.000400,0.027979,-49.32
1342447580,-8.183381,0.098162,-3.282450,-0.025847,-0.004263,0.027712,-51.39
1342457590,-8.164227,0.095768,-3.284845,-0.024248,-0.001732,0.021051,-54.84
1342467536,-8.192958,0.071826,-3.270479,-0.029577,0.000266,0.029844,-49.85
1342477569,-8.159439,0.110133,-3.275268,-0.027712,-0.002931,0.023982,-51.66
1342487542,-8.190564,0.184354,-3.294421,-0.028245,-0.001732,0.027712,-49.50
1342497575,-8.154651,0.143652,-3.280056,-0.024381,-0.000933,0.024648,-53.04
1342507565,-8.183381,0.064643,-3.227384,-0.026113,-0.002531,0.025714,-50.76
1342517571,-8.257602,0.134075,-3.315969,-0.025580,-0.004130,0.025980,-52.83
1342527560,-8.166622,0.110133,-3.268085,-0.025181,-0.002931,0.020518,-50.86
1342537570,-8.200141,0.100556,-3.287239,-0.025580,-0.004796,0.023715,-51.48
1342547569,-8.212111,0.143652,-3.260903,-0.023449,-0.002531,0.027179,-52.09
1342557547,-8.195353,0.119710,-3.268085,-0.028378,-0.003198,0.027179,-50.62
1342567555,-8.173804,0.124498,-3.292027,-0.026779,-0.001732,0.024381,-50.02
1342577545,-8.173804,0.134075,-3.282450,-0.025580,-0.003198,0.027845,-51.53
1342587571,-8.200141,0.129287,-3.236961,-0.026113,0.002265,0.028645,-52.24
1342597550,-8.157045,0.169988,-3.301604,-0.023848,-0.002132,0.028112,-50.58
1342607557,-8.180987,0.105345,-3.222595,-0.029311,-0.001066,0.025181,-51.19
1342617566,-8.216900,0.074220,-3.232172,-0.026646,-0.001332,0.023982,-50.47
1342627537,-8.166622,0.093374,-3.239355,-0.023848,-0.001865,0.027179,-50.24
1342637558,-8.185776,0.136469,-3.332729,-0.028378,-0.003997,0.021051,-50.73
1342647552,-8.145074,0.129287,-3.323152,-0.026779,-0.000133,0.023182,-50.96
1342657569,-8.154651,0.064643,-3.201048,-0.026646,0.000266,0.026380,-52.02
1342667539,-8.192958,0.134075,-3.258508,-0.028511,-0.001599,0.026247,-49.35
1342677546,-8.195353,0.100556,-3.282450,-0.025980,-0.001599,0.026113,-50.70
1342687570,-8.169016,0.138864,-3.406949,-0.027712,-0.004263,0.027712,-51.30
1342697570,-8.133103,0.093374,-3.284845,-0.027446,-0.000666,0.023449,-50.57
1342707561,-8.216900,0.093374,-3.282450,-0.025580,-0.001998,0.027046,-51.62
1342717555,-8.212111,0.146046,-3.294421,-0.024914,0.000133,0.021317,-49.95
1342727548,-8.176199,0.095768,-3.366248,-0.023582,-0.003198,0.025714,-49.55
1342737571,-8.204929,0.114922,-3.227384,-0.026513,-0.002665,0.028112,-52.26
1342747561,-8.157045,0.086191,-3.265691,-0.026380,-0.001732,0.028112,-50.67
1342757556,-8.133103,0.122104,-3.356671,-0.029044,-0.001199,0.024381,-51.85
1342767559,-8.228871,0.100556,-3.248932,-0.027179,0.000000,0.025980,-50.66
1342777564,-8.212111,0.122104,-3.284845,-0.027179,0.000000,0.025580,-50.79
1342787538,-8.157045,0.131681,-3.232172,-0.027179,-0.005063,0.024248,-50.40
1342797571,-8.224083,0.079009,-3.277662,-0.024515,-0.001865,0.026113,-51.53
1342807559,-8.200141,0.098162,-3.301604,-0.023315,-0.003997,0.025181,-50.47
1342817568,-8.209718,0.055067,-3.354277,-0.028778,-0.003064,0.025847,-51.53
1342827555,-8.159439,0.110133,-3.248932,-0.027046,-0.000666,0.025314,-50.28
1342837567,-8.180987,0.095768,-3.354277,-0.028112,-0.001332,0.025047,-52.30
1342847549,-8.192958,0.107739,-3.222595,-0.030377,-0.002665,0.022250,-50.95
1342857568,-8.204929,0.100556,-3.287239,-0.026646,-0.004663,0.027179,-51.78
1342867563,-8.159439,0.107739,-3.236961,-0.027179,-0.003864,0.028511,-51.24
1342877571,-8.159439,0.100556,-3.294421,-0.026646,-0.002132,0.021850,-50.02
1342887544,-8.214506,0.122104,-3.294421,-0.026646,-0.004263,0.025047,-50.38
1342897543,-8.133103,0.177171,-3.315969,-0.025447,-0.002132,0.022116,-50.92
1342907555,-8.209718,0.174777,-3.394978,-0.026247,-0.000799,0.024648,-50.36
1342917570,-8.214506,0.124498,-3.378219,-0.026913,-0.003331,0.027979,-53.75
1342927543,-8.178593,0.071826,-3.229778,-0.028778,-0.003464,0.025580,-50.72
1342937571,-8.197746,0.155623,-3.344700,-0.028645,-0.004263,0.025181,-55.96
1342947546,-8.180987,0.071826,-3.356671,-0.028778,-0.002398,0.023715,-50.61
1342957557,-8.192958,0.169988,-3.253720,-0.028911,-0.000133,0.024914,-50.96
1342967552,-8.106767,0.162806,-3.296816,-0.027845,-0.005995,0.024914,-50.40
1342977559,-8.190564,0.138864,-3.306392,-0.025181,-0.004663,0.023582,-50.41
1342987552,-8.171411,0.124498,-3.349488,-0.029711,-0.001332,0.026113,-50.79
1342997548,-8.142680,0.148441,-3.303998,-0.029044,-0.002398,0.023582,-50.97
1343007551,-8.214506,0.126893,-3.313575,-0.026247,-0.005329,0.026380,-50.90
1343017565,-8.152257,0.102951,-3.402161,-0.026380,-0.002265,0.026646,-50.79
1343027554,-8.209718,0.098162,-3.294421,-0.029044,-0.000933,0.025980,-50.14
1343037563,-8.202535,0.150835,-3.318364,-0.031975,-0.001865,0.027312,-50.27
1343047576,-8.216900,0.131681,-3.284845,-0.027179,0.000266,0.026646,-54.16
1343057539,-8.145074,0.158017,-3.268085,-0.026247,-0.001466,0.025980,-49.00
1343067557,-8.190564,0.122104,-3.260903,-0.028778,-0.005329,0.024515,-53.74
1343077566,-8.173804,0.057461,-3.404555,-0.028511,-0.000933,0.026113,-51.49
1343087540,-8.269572,0.064643,-3.320758,-0.027579,-0.004397,0.023715,-49.51
1343097569,-8.164227,0.112527,-3.294421,-0.027979,-0.002132,0.028911,-50.91
1343107554,-8.200141,0.047884,-3.287239,-0.028112,-0.000799,0.024648,-50.65
1343117550,-8.197746,0.088585,-3.280056,-0.028911,-0.004263,0.027312,-50.47
1343127569,-8.190564,0.136469,-3.294421,-0.027845,0.000133,0.024914,-51.83
1343137568,-8.164227,0.126893,-3.332729,-0.026380,-0.003331,0.025447,-51.27
1343147571,-8.169016,0.102951,-3.282450,-0.023449,-0.000666,0.023049,-51.10
1343157552,-8.157045,0.124498,-3.347094,-0.027579,-0.001732,0.022116,-50.18
1343167575,-8.250419,0.129287,-3.244143,-0.024781,-0.003198,0.027446,-51.74
1343177542,-8.169016,0.067038,-3.189077,-0.030110,-0.001865,0.027712,-49.62
1343187570,-8.159439,0.088585,-3.270479,-0.026247,-0.001332,0.026513,-54.88
1343197563,-8.185776,0.093374,-3.294421,-0.027579,-0.000533,0.028911,-50.29
1343207568,-8.149862,0.107739,-3.306392,-0.027312,-0.002531,0.026779,-54.70
1343217543,-8.133103,0.126893,-3.294421,-0.028911,-0.002265,0.024515,-50.74
1343227569,-8.154651,0.131681,-3.301604,-0.032508,-0.003464,0.025047,-51.16
1343237564,-8.185776,0.110133,-3.189077,-0.028378,-0.002798,0.027712,-50.17
1343247565,-8.212111,0.081403,-3.311181,-0.025847,-0.003597,0.026646,-51.18
1343257586,-8.207323,0.105345,-3.330335,-0.026380,0.000799,0.028645,-50.18
1343267571,-8.226477,0.045490,-3.301604,-0.027579,-0.002798,0.027845,-53.96
1343277552,-8.159439,0.055067,-3.354277,-0.026779,-0.003198,0.025447,-51.15
1343287585,-8.207323,0.100556,-3.306392,-0.026113,-0.000799,0.023848,-50.49
1343297551,-8.195353,0.191536,-3.359065,-0.023848,-0.005729,0.025580,-49.97
1343307542,-8.188169,0.088585,-3.292027,-0.025714,-0.000799,0.025980,-50.50
1343317571,-8.188169,0.138864,-3.246537,-0.029444,-0.001466,0.022649,-52.18
1343327543,-8.169016,0.035913,-3.323152,-0.026247,-0.002265,0.022916,-50.53
1343337546,-8.195353,0.124498,-3.344700,-0.027579,-0.000533,0.024781,-50.86
1343347546,-8.185776,0.071826,-3.215413,-0.027179,-0.002931,0.028645,-51.07
1343357565,-8.197746,0.129287,-3.349488,-0.029311,-0.002798,0.024515,-51.01
1343367554,-8.113950,0.155623,-3.287239,-0.027712,-0.001332,0.023582,-50.16
1343377555,-8.164227,0.076614,-3.294421,-0.027845,-0.001332,0.027579,-50.59
1343387539,-8.152257,0.191536,-3.354277,-0.025714,-0.003597,0.024781,-51.13
1343397569,-8.190564,0.098162,-3.268085,-0.031709,-0.002398,0.026646,-54.69
1343407575,-8.171411,0.081403,-3.387795,-0.027579,-0.002398,0.025047,-51.29
1343417591,-8.214506,0.150835,-3.280056,-0.025447,-0.003730,0.021983,-51.24
1343427549,-8.195353,0.126893,-3.301604,-0.025580,-0.002931,0.024648,-49.81
1343437569,-8.188169,0.117316,-3.294421,-0.024781,-0.003464,0.026380,-51.28
1343447572,-8.226477,0.057461,-3.289633,-0.026646,0.000000,0.027179,-51.09
1343457573,-8.173804,0.098162,-3.234566,-0.025847,-0.000799,0.025847,-52.61
1343467557,-8.157045,0.129287,-3.308787,-0.025580,-0.003331,0.029178,-50.03
1343477568,-8.228871,0.093374,-3.277662,-0.024515,-0.001998,0.024648,-56.25
1343487540,-8.166622,0.179565,-3.205836,-0.031043,-0.005329,0.022250,-51.89
1343497570,-8.164227,0.086191,-3.292027,-0.026380,-0.002531,0.025181,-50.57
1343507533,-8.185776,0.138864,-3.272874,-0.026646,0.000400,0.027046,-48.98
1343517571,-8.224083,0.134075,-3.268085,-0.027312,-0.002931,0.023049,-53.50
1343527543,-8.200141,0.088585,-3.330335,-0.029311,-0.000933,0.022250,-50.75
1343537562,-8.262390,0.064643,-3.330335,-0.031975,-0.002132,0.024914,-51.34
1343547594,-8.145074,0.117316,-3.323152,-0.026380,-0.002531,0.024914,-54.08
1343557561,-8.173804,0.158017,-3.342306,-0.026247,-0.003064,0.028378,-50.24
1343567571,-8.185776,0.119710,-3.301604,-0.027446,-0.000133,0.023315,-53.31
1343577563,-8.166622,0.146046,-3.351882,-0.026913,-0.001332,0.025714,-51.92
1343587573,-8.197746,0.146046,-3.387795,-0.027579,0.001199,0.026247,-53.63
1343597545,-8.245630,0.067038,-3.282450,-0.027979,-0.002265,0.024115,-50.42
1343607568,-8.188169,0.088585,-3.234566,-0.025447,-0.001199,0.023582,-51.56
1343617567,-8.255207,0.079009,-3.292027,-0.028112,-0.004130,0.023848,-51.42
1343627565,-8.149862,0.124498,-3.337517,-0.027979,-0.004930,0.024115,-50.81
1343637570,-8.171411,0.134075,-3.256114,-0.030243,-0.002798,0.023982,-51.61
1343647538,-8.214506,0.122104,-3.265691,-0.028645,-0.003864,0.027579,-50.69
1343657568,-8.164227,0.124498,-3.272874,-0.027845,-0.000266,0.029311,-51.99
1343667566,-8.125920,0.191536,-3.327940,-0.028378,-0.000266,0.022516,-51.08
1343677548,-8.195353,0.086191,-3.301604,-0.025181,-0.001466,0.024781,-50.95
1343687553,-8.212111,0.079009,-3.198653,-0.026247,-0.003064,0.023715,-50.53
1343697563,-8.224083,0.119710,-3.284845,-0.027046,-0.004663,0.024781,-50.76
1343707561,-8.221688,0.138864,-3.323152,-0.024781,0.000533,0.025714,-51.42
1343717545,-8.202535,0.086191,-3.308787,-0.023582,0.001066,0.026380,-50.67
1343727570,-8.137892,0.095768,-3.347094,-0.027845,-0.001599,0.024381,-52.20
1343737573,-8.259995,0.114922,-3.394978,-0.028112,-0.005462,0.025181,-51.85
1343747573,-8.161834,0.112527,-3.289633,-0.027579,-0.004263,0.026913,-51.45
1343757560,-8.161834,0.102951,-3.351882,-0.026646,-0.001732,0.024648,-51.57
1343767553,-8.228871,0.105345,-3.227384,-0.027046,-0.005329,0.022916,-50.99
1343777551,-8.207323,0.136469,-3.299210,-0.026113,-0.004263,0.026646,-49.74
1343787569,-8.224083,0.023942,-3.258508,-0.026247,-0.003597,0.023049,-51.71
1343797571,-8.202535,0.067038,-3.320758,-0.026247,0.000533,0.024115,-52.29
1343807561,-8.190564,0.098162,-3.320758,-0.029444,-0.001998,0.025047,-49.93
1343817551,-8.202535,0.081403,-3.294421,-0.026913,-0.001998,0.025314,-50.71
1343827559,-8.192958,0.114922,-3.320758,-0.026779,-0.000266,0.025714,-50.68
1343837554,-8.214506,0.126893,-3.282450,-0.031443,-0.004796,0.029044,-50.87
1343847573,-8.106767,0.114922,-3.299210,-0.024381,-0.001732,0.021850,-53.09
1343857568,-8.164227,0.153229,-3.325546,-0.027979,-0.003198,0.025047,-51.40
1343867562,-8.178593,0.093374,-3.270479,-0.024115,-0.003864,0.022516,-50.98
1343877555,-8.185776,0.110133,-3.327940,-0.026247,-0.003331,0.022783,-50.86
1343887552,-8.190564,0.093374,-3.284845,-0.027446,-0.001599,0.023715,-51.44
1343897554,-8.271967,0.117316,-3.323152,-0.024381,-0.003864,0.023449,-51.12
1343907570,-8.248025,0.081403,-3.339911,-0.025314,-0.002132,0.028112,-51.80
1343917554,-8.185776,0.071826,-3.280056,-0.024115,-0.001199,0.026646,-50.82
1343927552,-8.202535,0.112527,-3.296816,-0.027446,-0.002398,0.023715,-50.43
1343937561,-8.183381,0.124498,-3.315969,-0.026380,-0.002665,0.027046,-51.56
1343947570,-8.137892,0.126893,-3.287239,-0.027979,-0.002132,0.025580,-52.50
1343957516,-8.135497,0.090980,-3.227384,-0.026646,-0.000533,0.024648,-50.75
1343967562,-8.185776,0.076614,-3.318364,-0.023182,-0.000799,0.022916,-51.25
1343977564,-8.200141,0.167594,-3.327940,-0.024648,-0.000933,0.026646,-50.86
1343987572,-8.171411,0.098162,-3.330335,-0.025714,-0.005862,0.025047,-52.81
1343997545,-8.212111,0.076614,-3.270479,-0.026646,-0.001865,0.023715,-50.74
1344007566,-8.195353,0.112527,-3.344700,-0.024515,-0.003597,0.024248,-51.92
1344017568,-8.195353,0.102951,-3.397372,-0.027712,-0.000799,0.024248,-51.46
1344027574,-8.188169,0.095768,-3.263297,-0.027845,-0.000666,0.025047,-53.42
1344037564,-8.176199,0.122104,-3.342306,-0.026380,-0.002931,0.028645,-50.91
1344047566,-8.140285,0.134075,-3.337517,-0.028378,-0.004663,0.026113,-52.52
1344057573,-8.176199,0.155623,-3.327940,-0.028245,-0.002398,0.025980,-51.75
1344067553,-8.190564,0.117316,-3.325546,-0.024115,-0.003464,0.026646,-50.63
1344077561,-8.178593,0.131681,-3.303998,-0.026113,-0.004930,0.025847,-51.40
1344087550,-8.209718,0.079009,-3.359065,-0.028645,-0.000799,0.028911,-51.06
1344097549,-8.161834,0.112527,-3.347094,-0.027312,-0.002398,0.025847,-50.60
1344107539,-8.283937,0.081403,-3.311181,-0.029178,-0.000533,0.024381,-50.13
1344117573,-8.130709,0.083797,-3.347094,-0.027712,-0.001865,0.024248,-53.49
1344127547,-8.128315,0.083797,-3.347094,-0.030776,-0.003198,0.020917,-50.66
1344137547,-8.250419,0.100556,-3.303998,-0.027312,-0.001199,0.025847,-50.75
1344147569,-8.178593,0.107739,-3.294421,-0.026380,-0.001732,0.025980,-51.27
1344157593,-8.197746,0.098162,-3.268085,-0.027179,-0.001599,0.026913,-51.58
1344167556,-8.255207,0.153229,-3.311181,-0.028112,-0.001066,0.028112,-50.22
1344177571,-8.166622,0.057461,-3.263297,-0.030110,-0.000400,0.027046,-53.64
1344187571,-8.197746,0.122104,-3.366248,-0.026513,-0.003730,0.025447,-52.33
1344197554,-8.188169,0.112527,-3.282450,-0.028645,-0.005862,0.021583,-50.11
1344207567,-8.231265,0.136469,-3.308787,-0.028245,-0.002531,0.024115,-51.66
1344217566,-8.188169,0.062249,-3.294421,-0.025980,-0.004663,0.022516,-51.87
1344227569,-8.161834,0.117316,-3.315969,-0.025447,-0.002531,0.026113,-51.67
1344237554,-8.178593,0.138864,-3.354277,-0.028778,-0.001732,0.026247,-50.91
1344247571,-8.183381,0.090980,-3.239355,-0.025181,-0.003997,0.027712,-52.11
1344257550,-8.207323,0.079009,-3.275268,-0.025847,-0.002265,0.021850,-51.14
1344267545,-8.226477,0.069432,-3.359065,-0.026779,-0.001332,0.024781,-50.98
1344277560,-8.192958,0.165200,-3.263297,-0.024381,-0.001466,0.024115,-50.90
1344287554,-8.197746,0.095768,-3.311181,-0.028245,-0.003997,0.026513,-52.05
1344297554,-8.240842,0.074220,-3.339911,-0.024248,-0.003064,0.027712,-50.34
1344307559,-8.130709,0.071826,-3.337517,-0.025847,-0.003997,0.026513,-50.34
1344317568,-8.171411,0.136469,-3.332729,-0.023848,-0.002132,0.028511,-51.29
1344327584,-8.137892,0.124498,-3.344700,-0.025181,-0.002265,0.023449,-51.20
1344337543,-8.226477,0.081403,-3.308787,-0.027446,-0.001732,0.027179,-49.85
1344347550,-8.145074,0.131681,-3.301604,-0.024781,-0.006528,0.024248,-50.63
1344357543,-8.224083,0.105345,-3.306392,-0.027312,-0.002798,0.026646,-50.55
1344367555,-8.161834,0.102951,-3.287239,-0.029044,-0.005862,0.027179,-51.47
1344377555,-8.164227,0.064643,-3.284845,-0.026513,-0.005729,0.024515,-50.52
1344387552,-8.267179,0.105345,-3.375824,-0.028112,-0.004130,0.024248,-51.06
1344397544,-8.176199,0.126893,-3.232172,-0.026247,-0.001599,0.028645,-51.15
1344407568,-8.188169,0.141258,-3.303998,-0.027046,-0.001466,0.025714,-50.82
1344417571,-8.192958,0.059855,-3.184288,-0.026247,-0.004530,0.028778,-52.18
1344427557,-8.157045,0.098162,-3.402161,-0.023715,-0.004263,0.025580,-50.97
1344437571,-8.219295,0.076614,-3.363853,-0.025714,-0.003198,0.026779,-52.13
1344447570,-8.166622,0.076614,-3.265691,-0.026779,-0.002132,0.027845,-51.32
1344457576,-8.147469,0.057461,-3.308787,-0.023182,-0.001732,0.025314,-50.87
1344467573,-8.195353,0.098162,-3.399766,-0.025447,-0.002398,0.025047,-52.54
1344477559,-8.161834,0.081403,-3.327940,-0.025980,-0.000666,0.027046,-51.07
1344487569,-8.171411,0.079009,-3.280056,-0.028645,-0.001998,0.023715,-51.24
1344497565,-8.149862,0.079009,-3.383007,-0.029444,-0.000666,0.027845,-51.04
1344507544,-8.147469,0.131681,-3.263297,-0.028511,-0.006262,0.022649,-50.52
1344517574,-8.197746,0.112527,-3.256114,-0.026113,-0.000666,0.026380,-53.69
1344527566,-8.133103,0.088585,-3.268085,-0.029178,-0.003464,0.025714,-51.89
1344537575,-8.200141,0.100556,-3.306392,-0.027179,-0.000133,0.024248,-51.32
1344547574,-8.197746,0.129287,-3.325546,-0.026513,-0.001199,0.023715,-50.88
1344557577,-8.255207,0.112527,-3.311181,-0.028378,-0.002531,0.022783,-51.34
1344567563,-8.171411,0.143652,-3.320758,-0.026113,-0.002132,0.025314,-50.38
1344577551,-8.121132,0.105345,-3.318364,-0.027046,-0.002931,0.026113,-50.77
1344587545,-8.240842,0.124498,-3.351882,-0.029178,0.000799,0.026646,-50.73
1344597571,-8.221688,0.098162,-3.337517,-0.026646,-0.001199,0.025314,-52.70
1344607534,-8.140285,0.148441,-3.320758,-0.026646,-0.001865,0.031842,-50.37
1344617571,-8.178593,0.095768,-3.306392,-0.029711,-0.002531,0.024115,-51.23
1344627579,-8.135497,0.124498,-3.335123,-0.026779,-0.002665,0.027046,-50.44
1344637563,-8.188169,0.126893,-3.251326,-0.026247,-0.003997,0.025714,-51.47
1344647568,-8.197746,0.105345,-3.213019,-0.025714,-0.000799,0.027179,-51.60
1344657566,-8.133103,0.119710,-3.303998,-0.025847,-0.003331,0.025714,-51.31
1344667578,-8.188169,0.100556,-3.280056,-0.027446,-0.002398,0.024781,-50.70
1344677550,-8.212111,0.143652,-3.268085,-0.028378,-0.001199,0.023715,-51.56
1344687577,-8.192958,0.052672,-3.296816,-0.024914,-0.000133,0.026913,-51.27
1344697592,-8.231265,0.174777,-3.248932,-0.026513,-0.000133,0.026113,-53.23
1344707563,-8.140285,0.083797,-3.282450,-0.027579,-0.002798,0.022649,-51.31
1344717577,-8.169016,0.112527,-3.246537,-0.025980,-0.002265,0.026247,-50.95
1344727567,-8.236053,0.062249,-3.351882,-0.026913,-0.002665,0.025847,-51.10
1344737552,-8.204929,0.098162,-3.335123,-0.026779,-0.002665,0.026913,-50.26
1344747571,-8.192958,0.129287,-3.335123,-0.025847,-0.001199,0.024781,-52.70
1344757540,-8.243237,0.136469,-3.363853,-0.026913,-0.003198,0.025314,-50.57
1344767572,-8.149862,0.090980,-3.318364,-0.029844,-0.004397,0.024781,-52.24
1344777565,-8.159439,0.112527,-3.368642,-0.028245,-0.002665,0.028645,-52.13
1344787565,-8.169016,0.122104,-3.294421,-0.025847,-0.003464,0.023982,-50.68
1344797551,-8.183381,0.076614,-3.344700,-0.027712,-0.001066,0.023315,-50.94
1344807548,-8.171411,0.114922,-3.342306,-0.029844,-0.001865,0.026247,-50.72
1344817576,-8.195353,0.093374,-3.287239,-0.027446,-0.005196,0.026913,-51.36
1344827575,-8.236053,0.131681,-3.294421,-0.028911,-0.001865,0.021450,-51.07
1344837546,-8.159439,0.119710,-3.299210,-0.026779,-0.002398,0.023049,-50.69
1344847550,-8.226477,0.081403,-3.335123,-0.027979,-0.003997,0.025847,-50.18
1344857559,-8.190564,0.172383,-3.284845,-0.028511,-0.001332,0.027712,-50.92
1344867557,-8.243237,0.081403,-3.270479,-0.025047,-0.004930,0.026646,-50.33
1344877566,-8.192958,0.074220,-3.394978,-0.027046,-0.001332,0.023315,-51.42
1344887557,-8.209718,0.122104,-3.399766,-0.026646,-0.003064,0.028778,-50.71
1344897574,-8.183381,0.071826,-3.280056,-0.024248,-0.002398,0.025980,-52.86
1344907560,-8.164227,0.107739,-3.380613,-0.027579,-0.003997,0.024781,-50.65
1344917562,-8.180987,0.155623,-3.282450,-0.026913,-0.001466,0.024381,-51.48
1344927573,-8.169016,0.071826,-3.356671,-0.028112,-0.001865,0.025181,-53.97
1344937561,-8.111555,0.086191,-3.292027,-0.026779,-0.004263,0.027446,-50.38
1344947571,-8.190564,0.090980,-3.287239,-0.026113,-0.002265,0.023449,-52.46
1344957553,-8.164227,0.143652,-3.263297,-0.028378,-0.002798,0.027579,-50.63
1344967572,-8.207323,0.090980,-3.303998,-0.028511,-0.000400,0.025847,-56.62
1344977553,-8.245630,0.095768,-3.258508,-0.026646,-0.003597,0.028378,-50.30
1344987559,-8.154651,0.114922,-3.287239,-0.025847,-0.002398,0.022383,-51.13
1344997576,-8.219295,0.062249,-3.313575,-0.026779,-0.003464,0.027579,-52.53
1345007537,-8.178593,0.134075,-3.268085,-0.027179,-0.002531,0.025847,-48.92
1345017574,-8.166622,0.112527,-3.201048,-0.026913,-0.002398,0.028112,-54.75
1345027558,-8.197746,0.107739,-3.258508,-0.025980,-0.000266,0.023449,-51.24
1345037581,-8.176199,0.016759,-3.275268,-0.025980,-0.003597,0.026646,-50.77
1345047570,-8.161834,0.134075,-3.198653,-0.027712,-0.001998,0.023982,-52.12
1345057548,-8.166622,0.148441,-3.308787,-0.027979,-0.001599,0.025580,-50.00
1345067566,-8.164227,0.124498,-3.260903,-0.023982,0.000666,0.024648,-50.95
1345077544,-8.236053,0.088585,-3.232172,-0.028245,-0.003464,0.027046,-50.37
1345087549,-8.180987,0.090980,-3.280056,-0.025447,-0.003997,0.024914,-50.43
1345097551,-8.185776,0.093374,-3.303998,-0.025580,-0.000799,0.024248,-50.96
1345107566,-8.233660,0.107739,-3.315969,-0.026247,-0.003331,0.026513,-51.86
1345117564,-8.224083,0.131681,-3.301604,-0.027446,-0.002665,0.026113,-50.60
1345127573,-8.197746,0.062249,-3.256114,-0.029178,-0.001599,0.029444,-52.39
1345137542,-8.192958,0.153229,-3.303998,-0.027979,-0.001466,0.024781,-50.80
1345147541,-8.192958,0.107739,-3.275268,-0.027712,-0.002665,0.027446,-48.63
1345157567,-8.169016,0.057461,-3.308787,-0.026779,0.000000,0.026247,-56.76
1345167562,-8.183381,0.105345,-3.354277,-0.028245,-0.000799,0.024515,-52.16
1345177573,-8.185776,0.074220,-3.385401,-0.027446,-0.002531,0.028378,-51.99
1345187551,-8.202535,0.114922,-3.416526,-0.025047,-0.002265,0.027579,-49.87
1345197571,-8.142680,0.071826,-3.277662,-0.028511,-0.001865,0.026646,-52.08
1345207575,-8.159439,0.071826,-3.251326,-0.026113,-0.000799,0.025181,-54.02
1345217546,-8.178593,0.074220,-3.363853,-0.026513,-0.001865,0.024914,-50.84
1345227557,-8.202535,0.090980,-3.292027,-0.026113,-0.000933,0.024115,-50.66
1345237550,-8.207323,0.112527,-3.318364,-0.027446,-0.002665,0.027179,-50.50
1345247554,-8.204929,0.098162,-3.325546,-0.027979,-0.002531,0.026779,-50.26
1345257548,-8.169016,0.112527,-3.215413,-0.026247,-0.002265,0.024515,-50.51
1345267570,-8.243237,0.134075,-3.203442,-0.028511,-0.002265,0.024914,-51.63
1345277571,-8.164227,0.102951,-3.256114,-0.028378,-0.003597,0.027179,-52.07
1345287547,-8.152257,0.110133,-3.236961,-0.027712,-0.007328,0.025847,-50.01
1345297555,-8.097190,0.134075,-3.265691,-0.025980,-0.001466,0.022916,-50.86
1345307574,-8.212111,0.169988,-3.299210,-0.028778,-0.002531,0.027845,-51.37
1345317589,-8.214506,0.098162,-3.344700,-0.026913,-0.003331,0.025714,-54.78
1345327545,-8.209718,0.119710,-3.277662,-0.025447,-0.003064,0.025314,-50.04
1345337575,-8.176199,0.062249,-3.263297,-0.029311,-0.004796,0.026380,-52.88
1345347548,-8.169016,0.143652,-3.282450,-0.025181,-0.004796,0.028911,-49.98
1345357551,-8.245630,0.126893,-3.325546,-0.026513,0.000799,0.025580,-50.70
1345367549,-8.465898,0.076614,-3.383007,-0.028112,-0.001732,0.017986,-49.73
1345377549,-7.697359,0.009577,-2.657564,-0.017320,0.016387,0.018253,-48.82
1345387558,-8.358158,-0.026336,-3.473987,-0.027979,-0.016254,0.043433,-50.12
1345397558,-8.255207,0.090980,-3.399766,-0.025047,0.009060,0.019718,-50.59
1345407554,-8.111555,0.174777,-3.155558,-0.028645,0.004130,0.025047,-50.29
1345417574,-8.240842,0.093374,-3.275268,-0.024515,-0.000266,0.029711,-53.64
1345427544,-8.152257,0.153229,-3.229778,-0.024781,0.000266,0.025047,-50.75
1345437561,-8.180987,0.146046,-3.294421,-0.026513,-0.001466,0.027179,-51.14
1345447562,-8.216900,0.126893,-3.320758,-0.026779,-0.002398,0.028645,-51.30
1345457586,-8.178593,0.083797,-3.330335,-0.025714,0.000933,0.024914,-51.18
1345467545,-8.173804,0.081403,-3.289633,-0.030110,-0.004930,0.027979,-51.02
1345477548,-8.216900,0.126893,-3.318364,-0.026247,-0.003198,0.023848,-50.80
1345487551,-8.166622,0.090980,-3.325546,-0.027979,-0.002265,0.024115,-51.46
1345497558,-8.185776,0.165200,-3.327940,-0.024248,-0.001332,0.027312,-50.58
1345507565,-8.128315,0.112527,-3.246537,-0.027979,-0.003464,0.024515,-51.54
1345517561,-8.204929,0.134075,-3.270479,-0.028511,-0.004796,0.027579,-50.89
1345527541,-8.192958,0.119710,-3.327940,-0.027446,-0.000666,0.025580,-49.89
1345537555,-8.202535,0.093374,-3.268085,-0.026113,-0.000933,0.025714,-51.09
1345547526,-8.200141,0.071826,-3.347094,-0.028112,-0.001466,0.023715,-50.63
1345557554,-8.209718,0.098162,-3.272874,-0.026913,-0.000666,0.024248,-50.78
1345567555,-8.226477,0.033519,-3.325546,-0.030377,-0.003464,0.027446,-50.91
1345577549,-8.192958,0.107739,-3.263297,-0.027579,-0.005063,0.028511,-50.82
1345587560,-8.228871,0.090980,-3.385401,-0.025314,-0.005862,0.022116,-50.18
1345597548,-8.233660,0.102951,-3.289633,-0.027312,-0.003997,0.026380,-50.32
1345607572,-8.197746,0.093374,-3.251326,-0.027579,-0.004263,0.023315,-51.94
1345617561,-8.236053,0.143652,-3.222595,-0.026779,-0.002798,0.020651,-50.86
1345627552,-8.183381,0.138864,-3.349488,-0.026380,-0.003997,0.027046,-50.92
1345637541,-8.231265,0.162806,-3.280056,-0.028112,-0.002931,0.024781,-50.51
1345647577,-8.171411,0.136469,-3.318364,-0.024515,-0.001865,0.026513,-51.34
1345657576,-8.176199,0.081403,-3.282450,-0.029711,-0.005063,0.023715,-50.59
1345667561,-8.204929,0.138864,-3.275268,-0.025314,-0.000133,0.023982,-50.82
1345677545,-8.214506,0.083797,-3.318364,-0.025980,-0.002798,0.027312,-50.41
1345687573,-8.262390,0.083797,-3.263297,-0.025181,-0.001732,0.022116,-51.36
1345697567,-8.204929,0.088585,-3.215413,-0.026646,-0.001332,0.026513,-50.18
1345707551,-8.164227,0.067038,-3.296816,-0.028511,-0.001199,0.021983,-50.77
1345717555,-8.159439,0.129287,-3.320758,-0.027446,-0.000799,0.025714,-50.86
1345727549,-8.180987,0.098162,-3.263297,-0.023182,-0.002132,0.024781,-51.14
1345737571,-8.183381,0.126893,-3.232172,-0.027979,-0.003331,0.022649,-51.78
1345747550,-8.195353,0.045490,-3.289633,-0.025580,0.001599,0.027046,-49.77
1345757571,-8.145074,0.126893,-3.256114,-0.028245,-0.005196,0.026913,-52.53
1345767563,-8.207323,0.131681,-3.361459,-0.026646,-0.003464,0.026646,-51.78
1345777556,-8.178593,0.095768,-3.251326,-0.028245,-0.001865,0.021583,-50.56
1345787558,-8.188169,0.134075,-3.327940,-0.029444,-0.002665,0.024648,-50.20
1345797549,-8.173804,0.095768,-3.303998,-0.027579,-0.003730,0.024648,-49.98
1345807565,-8.123527,0.138864,-3.323152,-0.024781,-0.001998,0.023582,-51.18
1345817593,-8.197746,0.102951,-3.397372,-0.025714,-0.004663,0.021184,-53.55
1345827558,-8.169016,0.050278,-3.320758,-0.031043,-0.001998,0.024781,-57.03
1345837547,-8.214506,0.088585,-3.313575,-0.029178,-0.005329,0.025181,-50.87
1345847571,-8.152257,0.102951,-3.280056,-0.028911,-0.002265,0.025314,-52.00
1345857549,-8.185776,0.124498,-3.263297,-0.027845,-0.001599,0.025047,-51.28
1345867574,-8.236053,0.074220,-3.268085,-0.026380,-0.000533,0.024115,-50.38
1345877553,-8.195353,0.131681,-3.299210,-0.027312,-0.004130,0.024115,-51.10
1345887539,-8.233660,0.026336,-3.344700,-0.032109,-0.002132,0.024115,-51.10
1345897564,-8.173804,0.122104,-3.277662,-0.025047,-0.003997,0.027446,-50.79
1345907540,-8.192958,0.110133,-3.277662,-0.025847,-0.004130,0.025580,-50.73
1345917558,-8.197746,0.107739,-3.203442,-0.024115,-0.003198,0.025580,-50.66
1345927547,-8.152257,0.172383,-3.265691,-0.025980,-0.004530,0.025580,-50.09
1345937550,-8.164227,0.090980,-3.344700,-0.027579,-0.002398,0.025980,-50.25
1345947558,-8.180987,0.129287,-3.287239,-0.025181,-0.002132,0.024381,-50.84
1345957549,-8.164227,0.141258,-3.277662,-0.029444,-0.002931,0.026779,-50.30
1345967577,-8.202535,0.155623,-3.430891,-0.027712,-0.002665,0.025447,-51.32
1345977579,-8.250419,0.095768,-3.327940,-0.029711,-0.002665,0.024914,-50.23
1345987565,-8.236053,0.083797,-3.359065,-0.029577,0.001599,0.022649,-51.14
1345997547,-8.202535,0.088585,-3.344700,-0.025314,-0.000400,0.025980,-50.96
1346007552,-8.197746,0.112527,-3.277662,-0.026913,0.000799,0.023848,-51.08
1346017547,-8.145074,0.136469,-3.387795,-0.029178,-0.005729,0.023582,-50.72
1346027565,-8.164227,0.150835,-3.287239,-0.026779,-0.005196,0.024781,-51.55
1346037575,-8.161834,0.095768,-3.330335,-0.025580,-0.000533,0.026913,-51.36
1346047575,-8.204929,0.102951,-3.409343,-0.025314,-0.001199,0.026646,-49.75
1346057573,-8.204929,0.138864,-3.315969,-0.028511,-0.000400,0.025181,-53.57
1346067551,-8.173804,0.119710,-3.371036,-0.025980,-0.003331,0.022383,-50.98
1346077557,-8.192958,0.081403,-3.320758,-0.028778,-0.002531,0.025314,-51.08
1346087557,-8.188169,0.100556,-3.296816,-0.025980,-0.002665,0.022649,-50.90
1346097564,-8.214506,0.098162,-3.356671,-0.028911,-0.001199,0.023848,-51.14
1346107568,-8.197746,0.062249,-3.311181,-0.025580,-0.001998,0.026913,-51.67
1346117563,-8.228871,0.067038,-3.301604,-0.027046,-0.003730,0.024381,-51.54
1346127544,-8.140285,0.129287,-3.284845,-0.025847,-0.001865,0.023182,-50.97
1346137573,-8.200141,0.148441,-3.371036,-0.029711,-0.006528,0.027312,-51.25
1346147591,-8.226477,0.117316,-3.292027,-0.028645,-0.003331,0.026513,-52.23
1346157547,-8.183381,0.124498,-3.289633,-0.026380,-0.000266,0.024115,-50.70
1346167553,-8.245630,0.131681,-3.222595,-0.025314,-0.001865,0.022783,-50.38
1346177562,-8.212111,0.150835,-3.301604,-0.027845,-0.003198,0.024515,-50.64
1346187548,-8.192958,0.098162,-3.256114,-0.026513,-0.001732,0.029577,-50.78
1346197570,-8.171411,0.086191,-3.232172,-0.027312,-0.001998,0.023582,-54.94
1346207559,-8.140285,0.088585,-3.229778,-0.027979,0.001998,0.026513,-50.51
1346217547,-8.192958,0.076614,-3.275268,-0.026779,-0.002265,0.024115,-51.16
1346227579,-8.118738,0.107739,-3.236961,-0.026779,-0.002798,0.022250,-50.64
1346237553,-8.200141,0.117316,-3.332729,-0.028378,-0.003997,0.022516,-50.81
1346247541,-8.231265,0.088585,-3.280056,-0.024248,-0.001732,0.023982,-50.70
1346257558,-8.178593,0.095768,-3.224990,-0.029444,-0.001199,0.026247,-51.66
1346267524,-8.159439,0.136469,-3.241749,-0.028645,-0.003198,0.023715,-50.39
1346277567,-8.207323,0.088585,-3.277662,-0.028778,-0.001599,0.025847,-51.42
1346287537,-8.169016,0.110133,-3.282450,-0.027446,-0.002265,0.027312,-49.66
1346297560,-8.195353,0.143652,-3.289633,-0.027046,-0.002398,0.025714,-50.43
1346307562,-8.228871,0.155623,-3.308787,-0.029044,-0.004130,0.023715,-50.63
1346317563,-8.183381,0.100556,-3.246537,-0.024381,-0.003864,0.024515,-52.04
1346327565,-8.164227,0.076614,-3.325546,-0.029844,-0.004530,0.027312,-50.88
1346337549,-8.224083,0.138864,-3.224990,-0.029444,-0.003331,0.024914,-50.55
1346347542,-8.178593,0.129287,-3.263297,-0.028378,-0.000666,0.026113,-50.27
1346357566,-8.164227,0.122104,-3.303998,-0.025047,-0.003597,0.027312,-50.38
1346367568,-8.169016,0.114922,-3.268085,-0.024115,-0.002398,0.024781,-52.41
1346377550,-8.219295,0.124498,-3.289633,-0.027179,-0.007061,0.025314,-50.81
1346387572,-8.204929,0.112527,-3.347094,-0.027979,-0.002132,0.024648,-52.54
1346397570,-8.195353,0.105345,-3.229778,-0.027046,-0.001865,0.026113,-51.95
1346407552,-8.159439,0.098162,-3.292027,-0.028511,-0.003997,0.020784,-50.10
1346417576,-8.190564,0.090980,-3.253720,-0.026913,-0.002531,0.025447,-51.19
1346427573,-8.195353,0.045490,-3.270479,-0.025980,-0.001466,0.024914,-50.60
1346437565,-8.240842,0.059855,-3.287239,-0.029444,-0.002665,0.024115,-50.06
1346447546,-8.202535,0.148441,-3.344700,-0.027446,-0.003864,0.024914,-50.88
1346457542,-8.202535,0.100556,-3.332729,-0.026779,-0.005329,0.024515,-50.82
1346467540,-8.207323,0.081403,-3.265691,-0.029711,-0.005063,0.026513,-50.14
1346477563,-8.192958,0.093374,-3.332729,-0.029577,-0.001865,0.022383,-50.46
1346487564,-8.221688,0.177171,-3.320758,-0.027845,-0.002931,0.021450,-51.71
1346497561,-8.190564,0.146046,-3.330335,-0.029311,-0.003064,0.024781,-51.12
1346507548,-8.140285,0.090980,-3.335123,-0.025580,-0.001466,0.025580,-50.02
1346517570,-8.197746,0.112527,-3.313575,-0.029977,-0.003730,0.027579,-54.27
1346527553,-8.164227,0.112527,-3.251326,-0.027712,-0.000799,0.028112,-50.93
1346537571,-8.161834,0.090980,-3.313575,-0.028378,-0.002265,0.025714,-51.91
1346547565,-8.166622,0.095768,-3.234566,-0.027312,-0.006528,0.029444,-51.61
1346557575,-8.212111,0.136469,-3.282450,-0.028378,-0.003464,0.023982,-52.57
1346567568,-8.202535,0.107739,-3.284845,-0.028511,-0.004796,0.025314,-51.53
1346577571,-8.176199,0.134075,-3.380613,-0.025847,-0.003997,0.022783,-53.26
1346587566,-8.166622,0.119710,-3.289633,-0.028645,-0.003864,0.025181,-51.63
1346597580,-8.192958,0.076614,-3.361459,-0.023449,-0.003464,0.022116,-51.19
1346607591,-8.240842,0.124498,-3.277662,-0.028645,-0.001599,0.025447,-51.20
1346617569,-8.178593,0.129287,-3.361459,-0.028511,0.000133,0.023848,-52.09
1346627552,-8.178593,0.107739,-3.275268,-0.027845,-0.002265,0.023848,-50.47
1346637548,-8.228871,0.124498,-3.347094,-0.026913,-0.004663,0.023182,-49.68
1346647568,-8.228871,0.134075,-3.198653,-0.026380,-0.004663,0.024248,-52.86
1346657552,-8.128315,0.162806,-3.375824,-0.027046,-0.002132,0.027312,-50.66
1346667571,-8.171411,0.124498,-3.265691,-0.029044,-0.001466,0.026113,-52.34
1346677557,-8.173804,0.155623,-3.332729,-0.028645,-0.003997,0.028778,-50.59
1346687562,-8.169016,0.114922,-3.366248,-0.027579,-0.005596,0.028245,-51.09
1346697553,-8.166622,0.076614,-3.301604,-0.029178,-0.002798,0.024914,-50.84
1346707561,-8.135497,0.158017,-3.351882,-0.028645,-0.001332,0.024914,-50.41
1346717570,-8.226477,0.033519,-3.256114,-0.027579,-0.002531,0.025714,-52.27
1346727546,-8.207323,0.105345,-3.323152,-0.027845,-0.003331,0.026380,-51.00
1346737567,-8.226477,0.165200,-3.294421,-0.028778,-0.001332,0.026913,-50.81
1346747539,-8.185776,0.110133,-3.287239,-0.027845,-0.001732,0.023982,-50.81
1346757566,-8.228871,0.153229,-3.265691,-0.026113,-0.002398,0.027312,-52.46
1346767544,-8.164227,0.153229,-3.244143,-0.028778,-0.004263,0.025314,-50.47
1346777574,-8.204929,0.126893,-3.323152,-0.029178,-0.001066,0.023848,-53.89
1346787562,-8.133103,0.071826,-3.289633,-0.025181,-0.002265,0.021717,-50.43
1346797571,-8.209718,0.100556,-3.284845,-0.025714,-0.003597,0.024248,-53.42
1346807557,-8.228871,0.148441,-3.371036,-0.028378,-0.001599,0.026247,-51.09
1346817578,-8.169016,0.076614,-3.327940,-0.025580,-0.003730,0.026380,-51.19
1346827584,-8.176199,0.098162,-3.272874,-0.025447,-0.007328,0.025714,-50.88
1346837577,-8.188169,0.155623,-3.347094,-0.028378,-0.004397,0.025714,-51.28
1346847567,-8.238448,0.134075,-3.392584,-0.030243,0.000400,0.025314,-50.38
1346857562,-8.142680,0.067038,-3.337517,-0.029444,-0.005729,0.025847,-50.57
1346867551,-8.128315,0.110133,-3.292027,-0.029044,-0.005995,0.023582,-50.48
1346877550,-8.188169,0.081403,-3.325546,-0.030377,-0.001466,0.024781,-50.89
1346887543,-8.147469,0.158017,-3.397372,-0.026513,-0.004130,0.027446,-50.68
1346897567,-8.142680,0.150835,-3.280056,-0.028245,-0.005729,0.024648,-51.68
1346907555,-8.180987,0.112527,-3.383007,-0.024648,-0.002531,0.026380,-51.12
1346917569,-8.188169,0.119710,-3.311181,-0.027179,0.001998,0.024115,-50.62
1346927572,-8.264784,0.136469,-3.270479,-0.026513,-0.006528,0.024248,-51.77
1346937553,-8.238448,0.093374,-3.213019,-0.026913,-0.001998,0.027046,-49.92
1346947563,-8.171411,0.129287,-3.318364,-0.025447,-0.003597,0.025714,-51.16
1346957584,-8.171411,0.059855,-3.292027,-0.027979,0.000000,0.023982,-51.57
1346967576,-8.221688,0.095768,-3.229778,-0.025980,-0.003198,0.025314,-52.90
1346977548,-8.236053,0.126893,-3.299210,-0.027579,-0.004930,0.023848,-50.20
1346987571,-8.169016,0.160412,-3.234566,-0.030776,-0.003198,0.023715,-51.70
1346997576,-8.197746,0.160412,-3.344700,-0.026380,-0.003331,0.025714,-52.95
1347007572,-8.176199,0.112527,-3.277662,-0.024248,-0.004130,0.026913,-53.32
1347017569,-8.224083,0.114922,-3.248932,-0.026779,-0.002798,0.025181,-50.82
1347027571,-8.216900,0.143652,-3.409343,-0.028378,-0.002132,0.024648,-53.86
1347037550,-8.243237,0.088585,-3.366248,-0.024381,-0.005729,0.024381,-49.97
1347047550,-8.200141,0.146046,-3.311181,-0.028778,-0.004663,0.026113,-49.80
1347057554,-8.176199,0.079009,-3.368642,-0.025847,-0.002132,0.023848,-50.54
1347067549,-8.214506,0.026336,-3.280056,-0.031709,-0.000400,0.026380,-51.69
1347077558,-8.228871,0.146046,-3.359065,-0.030243,-0.005329,0.025047,-50.43
1347087549,-8.166622,0.150835,-3.275268,-0.024515,-0.004663,0.023982,-51.13
1347097546,-8.204929,0.079009,-3.232172,-0.030510,-0.001066,0.025447,-50.60
1347107570,-8.121132,0.098162,-3.253720,-0.028511,-0.000266,0.023449,-51.37
1347117584,-8.161834,0.107739,-3.213019,-0.026113,-0.004130,0.024248,-50.79
1347127570,-8.271967,0.074220,-3.325546,-0.026247,-0.002931,0.026646,-56.39
1347137556,-8.231265,0.167594,-3.246537,-0.028378,-0.000666,0.023982,-51.31
1347147578,-8.219295,0.062249,-3.335123,-0.028245,-0.006528,0.025714,-50.65
1347157566,-8.180987,0.114922,-3.210624,-0.027979,-0.003997,0.026779,-51.66
1347167569,-8.185776,0.079009,-3.263297,-0.023582,-0.004530,0.025181,-51.74
1347177564,-8.209718,0.062249,-3.251326,-0.028911,-0.001998,0.024248,-50.82
1347187524,-8.219295,0.071826,-3.284845,-0.025847,-0.001466,0.025047,-49.55
1347197551,-8.259995,0.134075,-3.342306,-0.025047,-0.003064,0.027579,-50.02
1347207573,-8.137892,0.143652,-3.260903,-0.028112,-0.003730,0.022916,-53.16
1347217552,-8.216900,0.098162,-3.373430,-0.029044,-0.003198,0.023449,-50.48
1347227570,-8.219295,0.141258,-3.292027,-0.027179,-0.001599,0.027179,-51.85
1347237576,-8.200141,0.169988,-3.244143,-0.028378,-0.005329,0.025314,-51.47
1347247549,-8.207323,0.059855,-3.299210,-0.027979,-0.002398,0.025314,-50.30
1347257569,-8.137892,0.184354,-3.232172,-0.025580,-0.000133,0.023315,-54.84
1347267558,-8.149862,0.064643,-3.327940,-0.029311,-0.000799,0.025847,-51.08
1347277539,-8.183381,0.093374,-3.275268,-0.027046,-0.004397,0.025314,-51.08
1347287569,-8.233660,0.095768,-3.347094,-0.026380,-0.000799,0.026513,-54.32
1347297535,-8.207323,0.146046,-3.284845,-0.028245,-0.001332,0.025447,-49.91
1347307570,-8.202535,0.117316,-3.275268,-0.027712,-0.005063,0.021583,-51.23
1347317561,-8.228871,0.088585,-3.268085,-0.029044,0.002265,0.025580,-50.62
1347327574,-8.214506,0.117316,-3.354277,-0.027179,-0.001199,0.026113,-51.50
1347337568,-8.233660,0.102951,-3.251326,-0.026247,-0.002798,0.027046,-51.28
1347347589,-8.192958,0.124498,-3.227384,-0.025181,-0.000266,0.024648,-52.22
1347357567,-8.161834,0.079009,-3.323152,-0.027579,-0.001865,0.024381,-51.42
1347367548,-8.248025,0.126893,-3.263297,-0.030110,-0.002531,0.023715,-49.42
1347377554,-8.200141,0.107739,-3.318364,-0.027579,0.001199,0.026513,-49.93
1347387569,-8.185776,0.150835,-3.284845,-0.029044,-0.003064,0.026779,-51.83
1347397562,-8.192958,0.126893,-3.294421,-0.028911,-0.003331,0.026513,-50.69
1347407556,-8.169016,0.093374,-3.344700,-0.029044,-0.000933,0.023582,-50.49
1347417559,-8.183381,0.177171,-3.347094,-0.027446,-0.000133,0.024648,-50.87
1347427554,-8.149862,0.107739,-3.325546,-0.027712,-0.002798,0.025580,-51.65
1347437552,-8.185776,0.076614,-3.378219,-0.027312,-0.002931,0.026247,-49.74
1347447571,-8.192958,0.165200,-3.287239,-0.025447,-0.003864,0.025714,-53.05
1347457560,-8.204929,0.143652,-3.272874,-0.028911,-0.004530,0.026513,-51.45
1347467564,-8.192958,0.165200,-3.244143,-0.025714,0.000533,0.026113,-50.20
1347477569,-8.219295,0.062249,-3.280056,-0.027712,-0.002132,0.024248,-51.68
1347487569,-8.164227,0.129287,-3.337517,-0.024781,-0.004130,0.026247,-50.59
1347497569,-8.190564,0.107739,-3.208230,-0.026913,-0.003730,0.026513,-52.06
1347507548,-8.169016,0.088585,-3.275268,-0.025314,-0.001865,0.025714,-50.83
1347517568,-8.090008,0.016759,-3.215413,-0.027446,0.000933,0.025181,-52.16
1347527569,-8.231265,0.160412,-3.320758,-0.028245,0.006129,0.026380,-51.66
1347537566,-8.173804,0.100556,-3.347094,-0.026513,-0.003331,0.026913,-50.14
1347547551,-8.202535,0.107739,-3.258508,-0.026380,-0.005596,0.025980,-50.73
1347557566,-8.178593,0.165200,-3.301604,-0.024381,0.000266,0.024914,-50.38
1347567545,-8.149862,0.134075,-3.253720,-0.026513,-0.001865,0.024115,-48.98
1347577573,-8.226477,0.112527,-3.303998,-0.025980,0.000666,0.024381,-52.19
1347587574,-8.200141,0.102951,-3.359065,-0.027046,-0.000666,0.021583,-51.32
1347597578,-8.240842,0.098162,-3.251326,-0.025714,-0.003064,0.025714,-50.80
1347607545,-8.183381,0.090980,-3.318364,-0.025980,-0.002665,0.024381,-50.36
1347617557,-8.212111,0.088585,-3.313575,-0.025580,-0.003730,0.024914,-50.08
1347627542,-8.173804,0.131681,-3.315969,-0.031443,-0.003997,0.025847,-50.06
1347637571,-8.214506,0.112527,-3.270479,-0.028645,-0.004930,0.026380,-52.26
1347647556,-8.173804,0.105345,-3.260903,-0.026513,-0.003331,0.025314,-50.31
1347657571,-8.257602,0.107739,-3.263297,-0.027446,-0.001066,0.024248,-55.37
1347667540,-8.233660,0.119710,-3.344700,-0.028112,-0.004397,0.023715,-49.33
1347677563,-8.169016,0.079009,-3.332729,-0.027312,-0.003997,0.024381,-50.63
1347687558,-8.180987,0.134075,-3.265691,-0.027179,-0.001998,0.026646,-50.67
1347697569,-8.216900,0.112527,-3.272874,-0.026380,-0.002531,0.023049,-51.29
1347707570,-8.147469,0.146046,-3.284845,-0.028112,-0.003864,0.026513,-50.52
1347717564,-8.173804,0.052672,-3.272874,-0.029178,0.000266,0.025047,-51.59
1347727556,-8.236053,0.071826,-3.244143,-0.025580,-0.003464,0.024781,-49.63
1347737571,-8.195353,0.079009,-3.303998,-0.025314,-0.001732,0.024381,-52.46
1347747572,-8.183381,0.090980,-3.263297,-0.024381,-0.001732,0.023182,-52.77
1347757554,-8.188169,0.114922,-3.323152,-0.026779,-0.003331,0.025447,-49.89
1347767560,-8.202535,0.088585,-3.280056,-0.026247,-0.005329,0.027446,-52.33
1347777536,-8.216900,0.174777,-3.330335,-0.028378,-0.003198,0.024648,-49.00
1347787571,-8.214506,0.110133,-3.251326,-0.024914,-0.000666,0.022116,-55.28
1347797560,-8.166622,0.107739,-3.361459,-0.031975,-0.004130,0.024248,-51.16
1347807588,-8.214506,0.119710,-3.315969,-0.026513,-0.002132,0.025980,-51.62
1347817563,-8.180987,0.129287,-3.265691,-0.027712,-0.002931,0.026779,-51.79
1347827561,-8.204929,0.124498,-3.371036,-0.027312,-0.002398,0.024781,-51.03
1347837565,-8.178593,0.100556,-3.330335,-0.025980,0.003198,0.024248,-51.58
1347847548,-8.207323,0.138864,-3.354277,-0.027446,-0.004263,0.025314,-50.84
1347857566,-8.133103,0.129287,-3.311181,-0.030776,-0.002265,0.024115,-51.89
1347867552,-8.207323,0.071826,-3.344700,-0.026779,-0.000799,0.027312,-50.21
1347877561,-8.169016,0.124498,-3.275268,-0.027046,-0.006795,0.027312,-50.72
1347887566,-8.236053,0.126893,-3.315969,-0.029444,-0.000133,0.026380,-50.65
1347897543,-8.207323,0.102951,-3.241749,-0.028511,-0.001599,0.025447,-50.79
1347907553,-8.171411,0.098162,-3.222595,-0.025447,-0.004796,0.023982,-50.35
1347917566,-8.238448,0.150835,-3.387795,-0.027179,-0.002665,0.025047,-51.08
1347927559,-8.180987,0.102951,-3.332729,-0.031043,-0.002132,0.024648,-54.05
1347937540,-8.188169,0.134075,-3.268085,-0.026513,-0.002531,0.023182,-50.62
1347947552,-8.178593,0.071826,-3.311181,-0.024381,-0.002798,0.027979,-50.75
1347957565,-8.224083,0.062249,-3.270479,-0.027446,-0.003464,0.028112,-49.84
1347967561,-8.161834,0.136469,-3.292027,-0.028511,-0.002931,0.023315,-51.65
1347977561,-8.207323,0.112527,-3.287239,-0.029577,-0.005862,0.025181,-50.78
1347987552,-8.221688,0.136469,-3.268085,-0.026646,-0.005862,0.023982,-50.68
1347997552,-8.154651,0.062249,-3.402161,-0.027579,-0.002398,0.025714,-50.51
1348007546,-8.180987,0.117316,-3.363853,-0.029044,-0.001599,0.027179,-50.62
1348017565,-8.188169,0.069432,-3.270479,-0.026247,-0.000799,0.025314,-50.97
1348027537,-8.226477,0.098162,-3.320758,-0.025980,-0.007994,0.026380,-49.44
1348037573,-8.231265,0.100556,-3.282450,-0.029977,-0.005329,0.025447,-53.49
1348047552,-8.152257,0.114922,-3.337517,-0.027845,0.008926,0.025980,-50.49
1348057541,-8.197746,0.083797,-3.361459,-0.028511,-0.003064,0.026113,-49.38
1348067542,-8.137892,0.045490,-3.303998,-0.024648,-0.008793,0.021717,-50.22
1348077570,-8.183381,0.169988,-3.313575,-0.027845,-0.001732,0.024914,-51.69
1348087557,-8.197746,0.129287,-3.263297,-0.030243,0.003331,0.025314,-50.73
1348097570,-8.166622,0.177171,-3.351882,-0.025980,-0.004663,0.025714,-50.54
1348107570,-8.154651,0.162806,-3.265691,-0.028378,-0.005329,0.025980,-52.55
1348117570,-8.185776,0.134075,-3.227384,-0.025980,-0.006395,0.025047,-52.61
1348127540,-8.180987,0.129287,-3.349488,-0.027579,-0.003331,0.023715,-50.92
1348137543,-8.185776,0.172383,-3.241749,-0.027046,-0.003064,0.024248,-49.81
1348147570,-8.135497,0.064643,-3.287239,-0.025181,-0.001199,0.024381,-55.17
1348157566,-8.178593,0.090980,-3.301604,-0.029844,-0.002398,0.025181,-51.49
1348167552,-8.255207,0.112527,-3.327940,-0.026380,-0.004930,0.025181,-50.99
1348177551,-8.188169,0.146046,-3.277662,-0.025447,-0.001599,0.026513,-51.12
1348187575,-8.207323,0.112527,-3.268085,-0.027845,-0.003064,0.024648,-54.52
1348197573,-8.149862,0.129287,-3.174711,-0.027579,-0.003597,0.027579,-52.61
1348207564,-8.214506,0.110133,-3.253720,-0.026247,-0.001998,0.026646,-48.92
1348217570,-8.183381,0.172383,-3.253720,-0.025047,-0.005063,0.023715,-55.70
1348227569,-8.243237,0.124498,-3.208230,-0.027845,0.000000,0.026380,-54.06
1348237557,-8.171411,0.117316,-3.435679,-0.026646,-0.001599,0.024381,-51.67
1348247545,-8.183381,0.100556,-3.306392,-0.027046,-0.005329,0.028511,-50.67
1348257558,-8.106767,0.107739,-3.289633,-0.027845,-0.003331,0.024381,-50.43
1348267576,-8.154651,0.093374,-3.236961,-0.024781,0.001732,0.025047,-51.34
1348277583,-8.209718,0.083797,-3.380613,-0.029577,-0.000799,0.024115,-51.05
1348287552,-8.221688,0.179565,-3.244143,-0.027446,-0.003464,0.023182,-50.07
1348297558,-8.207323,0.119710,-3.349488,-0.027179,0.000666,0.026380,-49.94
1348307561,-8.207323,0.148441,-3.284845,-0.029311,0.001599,0.023715,-51.11
1348317540,-8.207323,0.138864,-3.347094,-0.025314,-0.005462,0.024115,-50.65
1348327570,-8.228871,0.184354,-3.294421,-0.025314,-0.002531,0.025580,-54.27
1348337557,-7.994239,0.124498,-3.244143,-0.027579,-0.001732,0.027046,-50.96
1348347567,-8.149862,0.131681,-3.236961,-0.023982,0.000266,0.021184,-51.55
1348357566,-8.327033,0.119710,-3.349488,-0.028645,0.024248,0.026513,-51.64
1348367573,-8.078036,0.146046,-3.311181,-0.025580,-0.008926,0.025580,-52.22
1348377554,-8.161834,0.129287,-3.260903,-0.023049,-0.016254,0.025580,-52.11
1348387547,-8.243237,0.119710,-3.378219,-0.027712,0.013456,0.025980,-49.96
1348397575,-8.090008,0.105345,-3.268085,-0.029311,-0.000533,0.027312,-52.97
1348407580,-8.169016,0.105345,-3.313575,-0.024515,-0.010658,0.022516,-51.25
1348417557,-8.276755,0.107739,-3.344700,-0.029844,0.002265,0.025847,-50.25
1348427572,-8.236053,0.112527,-3.318364,-0.030510,0.001732,0.024914,-55.62
1348437522,-8.171411,0.136469,-3.282450,-0.025181,-0.005462,0.024648,-50.73
1348447568,-8.176199,0.129287,-3.320758,-0.028245,-0.004796,0.025181,-51.77
1348457542,-8.216900,0.105345,-3.234566,-0.025980,-0.001332,0.025980,-49.71
1348467573,-8.192958,0.079009,-3.256114,-0.028112,0.000133,0.026779,-52.62
1348477571,-8.276755,0.119710,-3.320758,-0.026779,-0.000666,0.023449,-53.05
1348487569,-8.224083,0.141258,-3.299210,-0.028245,-0.001599,0.027179,-55.06
1348497573,-8.185776,0.076614,-3.289633,-0.027979,-0.003730,0.025847,-51.74
1348507554,-8.171411,0.169988,-3.172317,-0.024914,-0.001732,0.023715,-50.37
1348517555,-8.149862,0.100556,-3.342306,-0.029577,-0.003064,0.022116,-51.06
1348527543,-8.171411,0.105345,-3.220201,-0.028778,-0.000933,0.022649,-50.23
1348537562,-8.245630,0.131681,-3.414132,-0.024781,0.001732,0.027712,-51.09
1348547569,-8.185776,0.117316,-3.337517,-0.027712,-0.003864,0.024648,-52.36
1348557568,-8.106767,0.071826,-3.339911,-0.027312,-0.009459,0.026380,-52.99
1348567575,-8.190564,0.114922,-3.282450,-0.026646,-0.001998,0.026646,-54.11
1348577557,-8.226477,0.129287,-3.205836,-0.027845,0.001599,0.025714,-50.87
1348587571,-8.228871,0.138864,-3.260903,-0.028378,-0.004397,0.026913,-52.54
1348597572,-8.259995,0.114922,-3.260903,-0.028778,-0.005063,0.023848,-52.38
1348607550,-8.238448,0.148441,-3.337517,-0.026779,-0.000933,0.023982,-50.50
1348617572,-8.192958,0.088585,-3.292027,-0.029444,-0.001332,0.028245,-52.15
1348627573,-8.188169,0.098162,-3.272874,-0.028645,-0.004130,0.022916,-51.21
1348637573,-8.164227,0.093374,-3.256114,-0.024781,-0.003597,0.024248,-50.09
1348647558,-8.214506,0.117316,-3.373430,-0.027179,-0.003331,0.027046,-50.74
1348657535,-8.216900,0.059855,-3.256114,-0.028245,-0.003464,0.027312,-50.81
1348667542,-8.219295,0.119710,-3.375824,-0.026513,-0.000133,0.022250,-51.01
1348677578,-8.188169,0.102951,-3.184288,-0.027712,-0.005995,0.027046,-51.34
1348687556,-8.209718,0.129287,-3.325546,-0.028911,-0.005329,0.023049,-50.15
1348697570,-8.243237,0.107739,-3.318364,-0.024515,-0.001732,0.024115,-51.68
1348707564,-8.154651,0.090980,-3.414132,-0.027446,-0.002665,0.025847,-49.60
1348717544,-8.154651,0.177171,-3.325546,-0.026247,-0.006395,0.022516,-50.44
1348727549,-8.183381,0.148441,-3.272874,-0.025314,-0.000533,0.026646,-50.90
1348737541,-8.209718,0.126893,-3.282450,-0.027312,-0.002132,0.024381,-50.42
1348747557,-8.176199,0.112527,-3.258508,-0.027979,-0.002132,0.023315,-50.69
1348757534,-8.221688,0.124498,-3.335123,-0.026646,-0.006129,0.025181,-50.89
1348767546,-8.159439,0.083797,-3.392584,-0.025181,0.003064,0.024648,-50.64
1348777560,-8.219295,0.105345,-3.272874,-0.024381,-0.002398,0.028112,-50.81
1348787563,-8.157045,0.057461,-3.275268,-0.026913,-0.004530,0.025980,-50.74
1348797565,-8.238448,0.165200,-3.311181,-0.027446,0.001332,0.023582,-50.70
1348807569,-8.166622,0.100556,-3.308787,-0.023315,-0.005196,0.026646,-56.64
1348817559,-8.224083,0.095768,-3.277662,-0.023715,-0.004397,0.026247,-50.89
1348827558,-8.197746,0.131681,-3.220201,-0.027446,-0.001732,0.024515,-50.45
1348837572,-8.185776,0.105345,-3.272874,-0.027979,-0.002665,0.025447,-51.23
1348847590,-8.214506,0.062249,-3.284845,-0.029711,-0.003464,0.024914,-51.34
1348857556,-8.171411,0.124498,-3.201048,-0.027845,-0.003198,0.025047,-50.71
1348867539,-8.200141,0.088585,-3.320758,-0.024781,-0.000933,0.025447,-50.55
1348877570,-8.224083,0.153229,-3.280056,-0.027845,-0.003198,0.028378,-51.64
1348887554,-8.171411,0.179565,-3.272874,-0.026913,-0.006662,0.024248,-50.32
1348897551,-8.178593,0.100556,-3.272874,-0.027845,-0.005462,0.024381,-50.89
1348907550,-8.200141,0.069432,-3.248932,-0.026113,-0.002531,0.026113,-50.20
1348917550,-8.166622,0.119710,-3.323152,-0.028511,-0.004130,0.027446,-50.63
1348927543,-8.224083,0.102951,-3.294421,-0.028378,-0.004663,0.026113,-50.35
1348937570,-8.214506,0.081403,-3.320758,-0.027446,-0.002132,0.027179,-52.05
1348947544,-8.204929,0.131681,-3.270479,-0.028112,-0.004130,0.022649,-50.84
1348957573,-8.190564,0.172383,-3.332729,-0.025580,-0.003064,0.021717,-51.48
1348967544,-8.252813,0.100556,-3.385401,-0.026113,0.000666,0.025047,-50.09
1348977546,-8.216900,0.138864,-3.258508,-0.026113,-0.002531,0.023182,-50.21
1348987574,-8.159439,0.100556,-3.275268,-0.026913,-0.003198,0.023315,-52.70
1348997531,-8.161834,0.081403,-3.371036,-0.026646,-0.002931,0.020784,-49.55
1349007571,-8.197746,0.131681,-3.282450,-0.028378,0.003198,0.025847,-51.87
1349017548,-8.207323,0.067038,-3.378219,-0.024248,0.000133,0.026513,-50.10
1349027552,-8.204929,0.155623,-3.248932,-0.027312,-0.002398,0.024648,-50.72
1349037580,-8.259995,0.076614,-3.368642,-0.027179,-0.004397,0.026380,-51.36
1349047568,-8.145074,0.134075,-3.318364,-0.027312,-0.001732,0.023582,-51.80
1349057564,-8.212111,0.081403,-3.263297,-0.025047,-0.001865,0.024248,-50.05
1349067558,-8.214506,0.028730,-3.332729,-0.026247,-0.004530,0.028511,-51.09
1349077547,-8.173804,0.079009,-3.248932,-0.029044,-0.000799,0.021983,-51.03
1349087545,-8.176199,0.110133,-3.215413,-0.026247,-0.003464,0.024781,-50.21
1349097556,-8.137892,0.057461,-3.282450,-0.029577,-0.001998,0.020784,-51.10
1349107539,-8.240842,0.055067,-3.201048,-0.028112,-0.000666,0.023715,-50.72
1349117572,-8.219295,0.124498,-3.337517,-0.025980,-0.001066,0.025447,-52.41
1349127553,-8.257602,0.119710,-3.308787,-0.024648,-0.005995,0.025847,-49.91
1349137565,-8.250419,0.112527,-3.284845,-0.026247,-0.000266,0.024381,-51.68
1349147574,-8.221688,0.062249,-3.260903,-0.029178,-0.000400,0.023049,-52.82
1349157573,-8.147469,0.134075,-3.337517,-0.025714,-0.005329,0.025580,-53.70
1349167572,-8.166622,0.069432,-3.375824,-0.028378,-0.002798,0.023582,-51.26
1349177580,-8.204929,0.122104,-3.387795,-0.028245,-0.003997,0.027579,-51.14
1349187557,-8.176199,0.160412,-3.335123,-0.025181,-0.003864,0.021051,-50.75
1349197551,-8.188169,0.138864,-3.303998,-0.024781,-0.001466,0.024515,-50.10
1349207552,-8.192958,0.129287,-3.272874,-0.028112,0.001865,0.024248,-50.72
1349217570,-8.176199,0.114922,-3.414132,-0.025580,-0.001998,0.026646,-53.02
1349227570,-8.164227,0.040701,-3.320758,-0.026113,-0.004930,0.023049,-52.59
1349237559,-8.195353,0.110133,-3.260903,-0.029977,-0.003864,0.027179,-50.53
1349247563,-8.147469,0.086191,-3.265691,-0.026646,-0.003864,0.028511,-51.05
1349257545,-8.161834,0.119710,-3.397372,-0.029444,0.000666,0.025181,-49.76
1349267547,-8.180987,0.067038,-3.323152,-0.026247,0.000000,0.028511,-50.51
1349277540,-8.178593,0.155623,-3.280056,-0.028511,0.001066,0.023982,-50.34
1349287568,-8.204929,0.134075,-3.287239,-0.023848,0.000000,0.026247,-51.73
1349297573,-8.195353,0.134075,-3.294421,-0.029444,-0.001466,0.027312,-53.07
1349307544,-8.216900,0.090980,-3.311181,-0.029977,0.000266,0.022116,-50.14
1349317538,-8.173804,0.105345,-3.337517,-0.028378,-0.001199,0.025714,-49.14
1349327541,-8.214506,0.088585,-3.268085,-0.028911,-0.001865,0.024648,-49.75
1349337570,-8.212111,0.095768,-3.315969,-0.026779,-0.003331,0.022916,-52.27
1349347543,-8.207323,0.165200,-3.284845,-0.028245,-0.002265,0.025714,-50.89
1349357577,-8.195353,0.076614,-3.241749,-0.028245,-0.001865,0.023982,-55.40
1349367550,-8.207323,0.093374,-3.244143,-0.028112,-0.002798,0.025980,-50.32
1349377567,-8.133103,0.143652,-3.320758,-0.029444,-0.001599,0.023848,-55.03
1349387561,-8.212111,0.074220,-3.289633,-0.027179,-0.003464,0.024115,-49.71
1349397573,-8.226477,0.126893,-3.205836,-0.026779,-0.003198,0.026646,-54.46
1349407549,-8.188169,0.067038,-3.260903,-0.025181,0.000933,0.023715,-50.32
1349417574,-8.169016,0.136469,-3.246537,-0.029977,-0.005196,0.025980,-53.37
1349427557,-8.231265,0.102951,-3.248932,-0.026513,-0.005596,0.023715,-51.21
1349437591,-8.245630,0.124498,-3.215413,-0.026113,-0.002398,0.023982,-52.54
1349447547,-8.216900,0.146046,-3.327940,-0.026113,-0.004263,0.024781,-50.40
1349457564,-8.200141,0.153229,-3.287239,-0.026646,-0.001998,0.027046,-51.63
1349467540,-8.197746,0.105345,-3.320758,-0.027446,-0.001466,0.024248,-50.76
1349477572,-8.176199,0.129287,-3.296816,-0.027845,-0.001466,0.026646,-52.67
1349487547,-8.128315,0.062249,-3.318364,-0.029178,-0.003597,0.026779,-50.36
1349497568,-8.142680,0.112527,-3.320758,-0.028511,-0.003997,0.023449,-51.15
1349507567,-8.195353,0.062249,-3.299210,-0.023848,-0.001599,0.028245,-50.51
1349517549,-8.192958,0.119710,-3.272874,-0.029977,0.000799,0.027712,-50.36
1349527575,-8.190564,0.174777,-3.244143,-0.026913,-0.003331,0.026247,-51.21
1349537568,-8.202535,0.143652,-3.227384,-0.024515,-0.005729,0.025447,-50.78
1349547563,-8.200141,0.067038,-3.260903,-0.027312,-0.002265,0.024248,-50.50
1349557570,-8.183381,0.143652,-3.260903,-0.030377,-0.003997,0.022250,-52.41
1349567553,-8.166622,0.112527,-3.268085,-0.027845,-0.000266,0.027979,-50.23
1349577551,-8.200141,0.086191,-3.287239,-0.031443,-0.001865,0.023049,-50.92
1349587571,-8.224083,0.112527,-3.246537,-0.027979,-0.003464,0.024781,-51.36
1349597578,-8.164227,0.090980,-3.303998,-0.025181,-0.002798,0.026247,-50.62
1349607554,-8.188169,0.122104,-3.287239,-0.024248,-0.001199,0.027845,-50.50
1349617539,-8.202535,0.110133,-3.172317,-0.027312,-0.001066,0.021850,-49.84
1349627547,-8.190564,0.110133,-3.363853,-0.027979,-0.003864,0.024781,-50.15
1349637571,-8.216900,0.134075,-3.354277,-0.027712,-0.004263,0.024115,-52.21
1349647576,-8.204929,0.126893,-3.275268,-0.029444,-0.000666,0.025980,-53.12
1349657539,-8.216900,0.112527,-3.236961,-0.026513,-0.006262,0.025847,-50.08
1349667576,-8.152257,0.057461,-3.342306,-0.027446,0.000400,0.025714,-51.36
1349677580,-8.192958,0.112527,-3.327940,-0.027179,-0.001466,0.026913,-51.66
1349687563,-8.257602,0.124498,-3.186682,-0.027712,-0.003464,0.026247,-50.59
1349697573,-8.176199,0.079009,-3.284845,-0.025047,-0.002931,0.025580,-51.20
1349707570,-8.171411,0.071826,-3.205836,-0.028378,-0.003331,0.026779,-51.21
1349717554,-8.188169,0.146046,-3.320758,-0.026913,-0.002798,0.025447,-49.96
1349727574,-8.240842,0.136469,-3.270479,-0.027046,-0.004796,0.024515,-53.11
1349737572,-8.200141,0.107739,-3.260903,-0.022916,-0.001865,0.029711,-50.99
1349747569,-8.171411,0.131681,-3.337517,-0.025580,-0.003464,0.028378,-55.94
1349757562,-8.180987,0.129287,-3.272874,-0.026247,-0.004663,0.021983,-51.88
1349767565,-8.231265,0.102951,-3.222595,-0.027579,-0.004263,0.026646,-50.82
1349777573,-8.183381,0.047884,-3.354277,-0.028911,-0.005329,0.023715,-53.06
1349787560,-8.202535,0.138864,-3.280056,-0.026646,-0.003464,0.024115,-50.75
1349797553,-8.173804,0.081403,-3.294421,-0.026247,-0.002265,0.026247,-51.37
1349807584,-8.212111,0.064643,-3.268085,-0.025314,-0.003198,0.023715,-51.24
1349817565,-8.183381,0.169988,-3.361459,-0.029444,-0.004663,0.023049,-51.15
1349827576,-8.207323,0.119710,-3.356671,-0.026646,-0.004130,0.025847,-50.17
1349837554,-8.135497,0.074220,-3.359065,-0.028645,-0.002798,0.025580,-50.83
1349847561,-8.209718,0.071826,-3.272874,-0.028911,0.001332,0.026779,-50.29
1349857553,-8.200141,0.122104,-3.296816,-0.028378,-0.002665,0.027712,-50.38
1349867550,-8.128315,0.062249,-3.299210,-0.030910,-0.003064,0.024914,-50.70
1349877573,-8.209718,0.129287,-3.356671,-0.027579,-0.004663,0.020518,-51.27
1349887590,-8.197746,0.122104,-3.306392,-0.027979,-0.002132,0.025580,-52.14
1349897541,-8.219295,0.138864,-3.313575,-0.026513,-0.006395,0.023182,-50.47
1349907568,-8.149862,0.100556,-3.263297,-0.027312,-0.004130,0.022649,-57.87
1349917545,-8.180987,0.124498,-3.351882,-0.028911,-0.001998,0.025714,-48.83
1349927572,-8.180987,0.119710,-3.268085,-0.029444,-0.004530,0.025580,-52.75
1349937576,-8.188169,0.136469,-3.347094,-0.024115,-0.004930,0.027046,-52.62
1349947574,-8.202535,0.126893,-3.368642,-0.025980,-0.001199,0.025980,-56.32
1349957574,-8.176199,0.100556,-3.287239,-0.029844,-0.001199,0.023182,-51.26
1349967592,-8.214506,0.095768,-3.296816,-0.029178,-0.003730,0.024248,-54.05
1349977549,-8.173804,0.055067,-3.287239,-0.025314,0.001199,0.030510,-50.74
1349987565,-8.197746,0.079009,-3.263297,-0.026913,-0.000266,0.025047,-50.97
1349997570,-8.154651,0.079009,-3.294421,-0.027446,-0.001865,0.024515,-52.26
1350007570,-8.195353,0.110133,-3.258508,-0.027312,-0.002398,0.027312,-52.89
1350017548,-8.166622,0.076614,-3.275268,-0.027979,-0.001865,0.023848,-50.47
1350027554,-8.204929,0.093374,-3.282450,-0.028112,-0.002531,0.025314,-50.70
1350037544,-8.185776,0.079009,-3.268085,-0.025847,0.000000,0.026646,-50.22
1350047574,-8.185776,0.035913,-3.208230,-0.025047,-0.001998,0.027579,-51.20
1350057595,-8.197746,0.071826,-3.280056,-0.028511,-0.001599,0.026113,-51.36
1350067539,-8.204929,0.117316,-3.251326,-0.026646,-0.000799,0.025580,-50.48
1350077559,-8.188169,0.114922,-3.301604,-0.029577,-0.003064,0.026380,-49.96
1350087564,-8.185776,0.102951,-3.323152,-0.025714,0.001599,0.027179,-51.68
1350097553,-8.214506,0.114922,-3.277662,-0.027579,-0.001199,0.028245,-50.36
1350107555,-8.180987,0.102951,-3.303998,-0.027312,-0.001066,0.026380,-50.14
1350117568,-8.183381,0.102951,-3.327940,-0.026513,-0.003064,0.023848,-51.19
1350127581,-8.190564,0.155623,-3.320758,-0.027179,-0.000933,0.026913,-51.18
1350137537,-8.224083,0.079009,-3.299210,-0.029577,-0.001998,0.024914,-49.33
1350147578,-8.149862,0.083797,-3.272874,-0.028112,0.000533,0.024648,-51.38
1350157571,-8.101978,0.117316,-3.241749,-0.024781,-0.004530,0.023848,-49.92
1350167573,-8.188169,0.102951,-3.215413,-0.028511,-0.002798,0.025447,-53.84
1350177555,-8.231265,0.165200,-3.277662,-0.025714,0.000400,0.024515,-50.77
1350187562,-8.202535,0.153229,-3.303998,-0.024515,-0.001865,0.026380,-50.44
1350197570,-8.185776,0.100556,-3.229778,-0.027979,-0.001998,0.023182,-52.16
1350207565,-8.197746,0.102951,-3.294421,-0.027312,-0.002132,0.024515,-51.06
1350217556,-8.133103,0.098162,-3.292027,-0.031043,-0.001199,0.022250,-50.87
1350227553,-8.209718,0.129287,-3.327940,-0.028511,-0.002665,0.025047,-49.28
1350237569,-8.209718,0.059855,-3.380613,-0.027845,-0.002665,0.023715,-51.44
1350247575,-8.204929,0.083797,-3.246537,-0.027579,-0.000266,0.028645,-53.46
1350257537,-8.197746,0.071826,-3.308787,-0.025047,-0.000666,0.026646,-50.36
1350267572,-8.166622,0.136469,-3.289633,-0.023315,-0.003198,0.027446,-52.80
1350277561,-8.212111,0.067038,-3.232172,-0.026779,-0.002265,0.024248,-51.15
1350287586,-8.190564,0.124498,-3.303998,-0.027712,-0.000799,0.024115,-51.54
1350297570,-8.209718,0.148441,-3.359065,-0.025714,-0.003864,0.021983,-53.26
1350307569,-8.212111,0.107739,-3.325546,-0.026113,-0.003597,0.024648,-52.04
1350317571,-8.121132,0.134075,-3.201048,-0.027312,-0.000533,0.021051,-52.69
1350327540,-8.183381,0.083797,-3.327940,-0.030243,0.001066,0.025314,-50.02
1350337572,-8.202535,0.102951,-3.277662,-0.024515,-0.001599,0.024115,-52.50
1350347574,-8.161834,0.102951,-3.275268,-0.027312,-0.003997,0.024515,-51.32
1350357583,-8.228871,0.153229,-3.301604,-0.026380,-0.003464,0.024248,-51.45
1350367544,-8.140285,0.074220,-3.284845,-0.027446,-0.003864,0.025580,-50.74
1350377540,-8.231265,0.069432,-3.361459,-0.029044,-0.003997,0.027312,-50.15
1350387579,-8.190564,0.112527,-3.244143,-0.025714,-0.002398,0.022116,-51.33
1350397575,-8.195353,0.114922,-3.296816,-0.025980,0.000400,0.026113,-50.84
1350407555,-8.188169,0.090980,-3.248932,-0.027046,-0.002798,0.026380,-51.57
1350417563,-8.173804,0.059855,-3.287239,-0.024381,-0.005196,0.023582,-51.03
1350427538,-8.226477,0.112527,-3.325546,-0.030243,-0.003597,0.026247,-50.59
1350437543,-8.255207,0.112527,-3.299210,-0.026247,-0.003331,0.028511,-50.74
1350447542,-8.171411,0.105345,-3.253720,-0.026113,-0.003464,0.027179,-50.48
1350457573,-8.183381,0.045490,-3.227384,-0.026247,-0.003064,0.026513,-53.19
1350467560,-8.104373,0.134075,-3.287239,-0.025714,-0.001998,0.024381,-51.10
1350477545,-8.149862,0.083797,-3.268085,-0.027179,-0.001466,0.023449,-50.34
1350487570,-8.221688,0.150835,-3.246537,-0.026513,-0.003331,0.026247,-54.77
1350497567,-8.133103,0.141258,-3.241749,-0.027312,-0.001332,0.026380,-50.96
1350507572,-8.178593,0.105345,-3.347094,-0.030510,-0.003597,0.025714,-53.47
1350517559,-8.231265,0.117316,-3.282450,-0.026913,-0.002132,0.026113,-51.22
1350527580,-8.159439,0.093374,-3.402161,-0.026779,0.002398,0.026646,-51.09
1350537576,-8.140285,0.138864,-3.275268,-0.024781,-0.001865,0.027046,-51.30
1350547578,-8.202535,0.117316,-3.311181,-0.025047,-0.003597,0.028112,-51.19
1350557541,-8.214506,0.124498,-3.315969,-0.027845,-0.005729,0.026247,-50.27
1350567551,-8.195353,0.155623,-3.260903,-0.027845,-0.004263,0.028511,-50.49
1350577554,-8.180987,0.090980,-3.275268,-0.025314,-0.003198,0.026380,-50.67
1350587555,-8.190564,0.114922,-3.342306,-0.027446,-0.001599,0.024115,-50.83
1350597579,-8.137892,0.067038,-3.282450,-0.026247,-0.002665,0.023049,-51.37
1350607570,-8.204929,0.110133,-3.277662,-0.026913,-0.001732,0.023848,-51.43
1350617569,-8.185776,0.143652,-3.303998,-0.027179,0.000266,0.026380,-51.54
1350627559,-8.197746,0.086191,-3.260903,-0.025714,-0.001732,0.027312,-50.45
1350637570,-8.152257,0.169988,-3.244143,-0.027712,-0.003331,0.025181,-55.03
1350647549,-8.176199,0.129287,-3.234566,-0.026646,-0.003064,0.022916,-50.51
1350657552,-8.147469,0.083797,-3.311181,-0.025314,-0.000133,0.028645,-51.04
1350667554,-8.212111,0.110133,-3.320758,-0.029977,-0.002931,0.024115,-50.87
1350677544,-8.176199,0.134075,-3.287239,-0.027712,-0.001466,0.027046,-49.90
1350687553,-8.176199,0.114922,-3.222595,-0.026779,-0.003331,0.026113,-50.51
1350697542,-8.180987,0.124498,-3.351882,-0.023449,-0.001865,0.025580,-50.88
1350707539,-8.147469,0.148441,-3.299210,-0.026513,-0.002931,0.028378,-50.21
1350717555,-8.216900,0.090980,-3.323152,-0.026646,-0.001332,0.022516,-50.11
1350727564,-8.240842,0.062249,-3.282450,-0.025047,-0.005329,0.022383,-49.88
1350737575,-8.219295,0.126893,-3.339911,-0.025714,0.000133,0.024115,-54.01
1350747554,-8.200141,0.124498,-3.311181,-0.026513,-0.003331,0.023449,-50.00
1350757572,-8.161834,0.112527,-3.339911,-0.029044,-0.002931,0.028245,-51.87
1350767570,-8.233660,0.074220,-3.344700,-0.026113,-0.002265,0.025714,-52.37
1350777554,-8.221688,0.102951,-3.282450,-0.028112,-0.003331,0.025980,-51.11
1350787548,-8.176199,0.134075,-3.213019,-0.028245,-0.003997,0.023582,-50.64
1350797558,-8.161834,0.100556,-3.371036,-0.026646,-0.000533,0.023982,-50.66
1350807544,-8.195353,0.083797,-3.292027,-0.026513,-0.003597,0.026779,-50.56
1350817556,-8.176199,0.112527,-3.303998,-0.027712,-0.001466,0.023848,-50.25
1350827543,-8.171411,0.110133,-3.332729,-0.027845,-0.000666,0.025314,-50.17
1350837574,-8.188169,0.081403,-3.418920,-0.023848,-0.000933,0.028378,-53.98
1350847545,-8.197746,0.181959,-3.306392,-0.024914,-0.001865,0.026779,-49.72
1350857573,-8.192958,0.169988,-3.318364,-0.027179,-0.004397,0.025181,-53.51
1350867557,-8.157045,0.098162,-3.256114,-0.026913,-0.001732,0.025847,-50.94
1350877570,-8.164227,0.138864,-3.330335,-0.027446,-0.003331,0.026913,-54.40
1350887560,-8.202535,0.143652,-3.335123,-0.028112,-0.008527,0.024248,-50.01
1350897542,-8.183381,0.102951,-3.335123,-0.029711,-0.004397,0.023582,-51.14
1350907555,-8.207323,0.117316,-3.294421,-0.026646,-0.002931,0.023049,-50.96
1350917561,-8.171411,0.050278,-3.301604,-0.026779,-0.003464,0.025714,-51.45
1350927545,-8.178593,0.107739,-3.287239,-0.027979,-0.001732,0.023982,-50.60
1350937553,-8.257602,0.081403,-3.311181,-0.026913,-0.004930,0.027712,-50.39
1350947537,-8.195353,0.100556,-3.325546,-0.030910,-0.000133,0.023315,-49.88
1350957557,-8.209718,0.143652,-3.270479,-0.026646,0.000133,0.027312,-50.97
1350967579,-8.190564,0.110133,-3.387795,-0.026380,0.000266,0.024115,-51.28
1350977575,-8.209718,0.112527,-3.320758,-0.026380,0.000133,0.024381,-52.03
1350987570,-8.238448,0.165200,-3.289633,-0.027179,-0.003864,0.025447,-51.93
1350997573,-8.140285,0.158017,-3.248932,-0.024248,-0.002665,0.026113,-54.95
1351007554,-8.197746,0.088585,-3.303998,-0.027179,0.000000,0.026913,-50.79
1351017544,-8.180987,0.134075,-3.323152,-0.024648,-0.001599,0.025447,-50.83
1351027548,-8.228871,0.117316,-3.318364,-0.027712,-0.002665,0.026913,-50.15
1351037575,-8.224083,0.131681,-3.217807,-0.030377,-0.003597,0.026247,-51.26
1351047571,-8.221688,0.086191,-3.347094,-0.027579,-0.004397,0.020917,-50.63
1351057573,-8.166622,0.079009,-3.244143,-0.026513,-0.002531,0.023315,-53.35
1351067573,-8.159439,0.076614,-3.299210,-0.025980,-0.001066,0.026247,-54.11
1351077563,-8.180987,0.150835,-3.217807,-0.029044,-0.001865,0.023582,-50.68
1351087554,-8.250419,0.062249,-3.280056,-0.028245,-0.004397,0.025314,-51.05
1351097565,-8.207323,0.112527,-3.256114,-0.027312,-0.003064,0.024248,-50.08
1351107554,-8.207323,0.141258,-3.239355,-0.025580,-0.001865,0.023715,-50.83
1351117564,-8.178593,0.119710,-3.277662,-0.028112,0.000400,0.024248,-51.29
1351127590,-8.140285,0.134075,-3.323152,-0.027312,-0.002265,0.026779,-54.27
1351137541,-8.128315,0.119710,-3.332729,-0.027579,-0.003864,0.026513,-49.48
1351147567,-8.209718,0.181959,-3.330335,-0.029577,-0.002665,0.026913,-52.29
1351157570,-8.197746,0.074220,-3.359065,-0.028245,-0.001998,0.022916,-51.81
1351167542,-8.157045,0.090980,-3.217807,-0.030643,-0.002798,0.025447,-50.30
1351177556,-8.202535,0.122104,-3.251326,-0.030110,-0.003064,0.024914,-51.07
1351187544,-8.195353,0.067038,-3.256114,-0.026113,-0.000400,0.026113,-50.24
1351197551,-8.159439,0.126893,-3.179500,-0.027046,-0.002398,0.024914,-49.93
1351207543,-8.183381,0.129287,-3.265691,-0.025847,-0.003331,0.023982,-49.23
1351217576,-8.173804,0.138864,-3.270479,-0.026913,-0.002931,0.024381,-55.71
1351227547,-8.228871,0.158017,-3.318364,-0.029444,-0.002398,0.025047,-49.71
1351237571,-8.209718,0.131681,-3.268085,-0.027712,-0.001998,0.023848,-53.01
1351247569,-8.178593,0.105345,-3.217807,-0.029311,-0.001599,0.021450,-51.71
1351257549,-8.219295,0.138864,-3.306392,-0.029178,-0.002398,0.027179,-50.32
1351267572,-8.178593,0.052672,-3.320758,-0.027712,-0.004930,0.025847,-53.00
1351277565,-8.209718,0.081403,-3.368642,-0.028112,-0.003331,0.026247,-50.97
1351287549,-8.176199,0.093374,-3.390190,-0.028911,-0.002398,0.025447,-50.90
1351297556,-8.164227,0.117316,-3.306392,-0.023982,-0.004796,0.025181,-50.93
1351307545,-8.209718,0.134075,-3.320758,-0.028245,-0.002132,0.021717,-50.13
1351317554,-8.257602,0.102951,-3.359065,-0.027312,-0.007061,0.025047,-50.94
1351327544,-8.209718,0.112527,-3.342306,-0.028112,-0.002665,0.025447,-49.99
1351337565,-8.221688,0.059855,-3.294421,-0.028911,-0.001599,0.026913,-50.60
1351347555,-8.212111,0.093374,-3.347094,-0.023715,-0.001599,0.024515,-50.50
1351357547,-8.152257,0.088585,-3.213019,-0.028778,-0.002265,0.021184,-50.01
1351367546,-8.192958,0.050278,-3.265691,-0.028378,-0.003864,0.024248,-50.68
1351377555,-8.204929,0.086191,-3.337517,-0.025314,-0.004130,0.027046,-50.22
1351387556,-8.159439,0.150835,-3.306392,-0.032109,-0.003597,0.028511,-51.02
1351397558,-8.180987,0.057461,-3.260903,-0.026513,-0.006662,0.023715,-49.74
1351407563,-8.197746,0.143652,-3.339911,-0.025047,-0.005196,0.026247,-51.68
1351417568,-8.178593,0.114922,-3.342306,-0.025181,-0.001998,0.025980,-51.18
1351427599,-8.224083,0.143652,-3.284845,-0.026646,-0.002531,0.026646,-51.18
1351437550,-8.161834,0.112527,-3.327940,-0.029844,-0.002132,0.028511,-50.55
1351447574,-8.212111,0.081403,-3.323152,-0.027845,-0.002398,0.024515,-52.03
1351457566,-8.133103,0.088585,-3.303998,-0.028778,-0.001732,0.023982,-50.86
1351467542,-8.176199,0.055067,-3.392584,-0.028112,-0.002398,0.028511,-50.60
1351477574,-8.202535,0.119710,-3.296816,-0.026646,-0.002265,0.022250,-53.12
1351487565,-8.224083,0.100556,-3.320758,-0.027446,-0.001998,0.024248,-49.60
1351497559,-8.133103,0.141258,-3.196259,-0.025847,-0.000666,0.024515,-51.49
1351507536,-8.145074,0.155623,-3.342306,-0.027446,-0.000266,0.026646,-50.67
1351517573,-8.185776,0.124498,-3.234566,-0.023848,-0.001732,0.025181,-51.34
1351527584,-8.183381,0.107739,-3.349488,-0.026513,-0.001599,0.023315,-51.14
1351537564,-8.202535,0.131681,-3.292027,-0.026646,-0.000933,0.024781,-50.06
1351547564,-8.195353,0.102951,-3.198653,-0.027712,-0.001998,0.027845,-51.69
1351557581,-8.176199,0.126893,-3.342306,-0.026646,-0.001865,0.025714,-51.27
1351567588,-8.152257,0.110133,-3.332729,-0.026513,-0.003864,0.022250,-51.77
1351577552,-8.195353,0.079009,-3.318364,-0.024648,-0.001199,0.024781,-50.67
1351587560,-8.164227,0.117316,-3.251326,-0.027446,0.000266,0.025714,-51.03
1351597542,-8.221688,0.047884,-3.359065,-0.028645,-0.001865,0.023182,-50.62
1351607546,-8.207323,0.071826,-3.327940,-0.026913,0.000533,0.025847,-51.00
1351617547,-8.207323,0.090980,-3.270479,-0.028645,-0.002265,0.023582,-50.54
1351627535,-8.238448,0.074220,-3.284845,-0.028778,-0.005196,0.025447,-50.74
1351637555,-8.169016,0.138864,-3.232172,-0.030510,-0.003064,0.023848,-49.88
1351647568,-8.204929,0.102951,-3.270479,-0.026779,-0.000266,0.024781,-52.05
1351657540,-8.176199,0.179565,-3.380613,-0.027312,-0.002665,0.025447,-50.66
1351667540,-8.192958,0.193930,-3.241749,-0.028511,-0.003464,0.023982,-50.34
1351677572,-8.185776,0.131681,-3.270479,-0.027712,-0.001732,0.025847,-52.58
1351687562,-8.109161,0.138864,-3.303998,-0.024515,-0.002798,0.026380,-50.27
1351697565,-8.228871,0.138864,-3.248932,-0.028778,-0.002132,0.025980,-51.21
1351707566,-8.219295,0.117316,-3.244143,-0.024381,-0.003064,0.025580,-50.27
1351717550,-8.200141,0.023942,-3.284845,-0.026247,-0.000533,0.028245,-50.26
1351727572,-8.169016,0.107739,-3.308787,-0.028112,-0.001998,0.026779,-53.07
1351737555,-8.238448,0.131681,-3.421314,-0.028511,-0.003997,0.026380,-50.36
1351747565,-8.188169,0.067038,-3.315969,-0.028645,0.000266,0.024781,-50.88
1351757567,-8.200141,0.057461,-3.222595,-0.028911,-0.001066,0.024648,-52.67
1351767544,-8.171411,0.086191,-3.272874,-0.030510,-0.000666,0.024381,-50.49
